"STATION","DATE","TOBS"
"USC00410433","2013-05-01","67"
"USC00410433","2013-05-02","59"
"USC00410433","2013-05-03","43"
"USC00410433","2013-05-04","48"
"USC00410433","2013-05-05","50"
"USC00410433","2013-05-06","48"
"USC00410433","2013-05-07","49"
"USC00410433","2013-05-08","64"
"USC00410433","2013-05-09","68"
"USC00410433","2013-05-10","63"
"USC00410433","2013-05-11","62"
"USC00410433","2013-05-12","61"
"USC00410433","2013-05-13","53"
"USC00410433","2013-05-14","61"
"USC00410433","2013-05-15","67"
"USC00410433","2013-05-16","68"
"USC00410433","2013-05-17","73"
"USC00410433","2013-05-18","70"
"USC00410433","2013-05-19","72"
"USC00410433","2013-05-20","72"
"USC00410433","2013-05-21","73"
"USC00410433","2013-05-22","59"
"USC00410433","2013-05-23","73"
"USC00410433","2013-05-24","73"
"USC00410433","2013-05-25","70"
"USC00410433","2013-05-26","70"
"USC00410433","2013-05-27","71"
"USC00410433","2013-05-28","73"
"USC00410433","2013-05-29","73"
"USC00410433","2013-05-30","73"
"USC00410433","2013-05-31","75"
"USC00410433","2013-06-01","75"
"USC00410433","2013-06-02","64"
"USC00410433","2013-06-03","65"
"USC00410433","2013-06-04","69"
"USC00410433","2013-06-05","68"
"USC00410433","2013-06-06","71"
"USC00410433","2013-06-07","67"
"USC00410433","2013-06-08","60"
"USC00410433","2013-06-09","72"
"USC00410433","2013-06-10","69"
"USC00410433","2013-06-11","74"
"USC00410433","2013-06-12","74"
"USC00410433","2013-06-13","74"
"USC00410433","2013-06-14","73"
"USC00410433","2013-06-15","75"
"USC00410433","2013-06-16","74"
"USC00410433","2013-06-17","75"
"USC00410433","2013-06-18","68"
"USC00410433","2013-06-19","73"
"USC00410433","2013-06-20","74"
"USC00410433","2013-06-21","75"
"USC00410433","2013-06-22","76"
"USC00410433","2013-06-23","76"
"USC00410433","2013-06-24","74"
"USC00410433","2013-06-25","76"
"USC00410433","2013-06-26","76"
"USC00410433","2013-06-27","74"
"USC00410433","2013-06-28","74"
"USC00410433","2013-06-29","72"
"USC00410433","2013-06-30","70"
"USC00410433","2013-07-01","68"
"USC00410433","2013-07-02","68"
"USC00410433","2013-07-03","63"
"USC00410433","2013-07-04","65"
"USC00410433","2013-07-05","67"
"USC00410433","2013-07-06","68"
"USC00410433","2013-07-07","73"
"USC00410433","2013-07-08","74"
"USC00410433","2013-07-09","73"
"USC00410433","2013-07-10","73"
"USC00410433","2013-07-11","74"
"USC00410433","2013-07-12","73"
"USC00410433","2013-07-13","72"
"USC00410433","2013-07-14","74"
"USC00410433","2013-07-15","68"
"USC00410433","2013-07-16","70"
"USC00410433","2013-07-17","71"
"USC00410433","2013-07-18","70"
"USC00410433","2013-07-19","71"
"USC00410433","2013-07-20","72"
"USC00410433","2013-07-21","72"
"USC00410433","2013-07-22","76"
"USC00410433","2013-07-23","75"
"USC00410433","2013-07-24","75"
"USC00410433","2013-07-25","74"
"USC00410433","2013-07-26","74"
"USC00410433","2013-07-27","74"
"USC00410433","2013-07-28","72"
"USC00410433","2013-07-29","76"
"USC00410433","2013-07-30","74"
"USC00410433","2013-07-31","73"
"USC00410433","2013-08-01","74"
"USC00410433","2013-08-02","75"
"USC00410433","2013-08-03","75"
"USC00410433","2013-08-04","76"
"USC00410433","2013-08-05","74"
"USC00410433","2013-08-06","74"
"USC00410433","2013-08-07","76"
"USC00410433","2013-08-08","75"
"USC00410433","2013-08-09","74"
"USC00410433","2013-08-10","73"
"USC00410433","2013-08-11","74"
"USC00410433","2013-08-12","73"
"USC00410433","2013-08-13","75"
"USC00410433","2013-08-14","75"
"USC00410433","2013-08-15","73"
"USC00410433","2013-08-16","69"
"USC00410433","2013-08-17","70"
"USC00410433","2013-08-18","65"
"USC00410433","2013-08-19","67"
"USC00410433","2013-08-20","67"
"USC00410433","2013-08-21","70"
"USC00410433","2013-08-22","71"
"USC00410433","2013-08-23","72"
"USC00410433","2013-08-24","74"
"USC00410433","2013-08-25","71"
"USC00410433","2013-08-26","74"
"USC00410433","2013-08-27","72"
"USC00410433","2013-08-28","69"
"USC00410433","2013-08-29","71"
"USC00410433","2013-08-30","75"
"USC00410433","2013-08-31","74"
"USC00410433","2013-09-01","74"
"USC00410433","2013-09-02","75"
"USC00410433","2013-09-03","70"
"USC00410433","2013-09-04","74"
"USC00410433","2013-09-05","69"
"USC00410433","2013-09-06","71"
"USC00410433","2013-09-07","73"
"USC00410433","2013-09-08","71"
"USC00410433","2013-09-09","69"
"USC00410433","2013-09-10","72"
"USC00410433","2013-09-11","72"
"USC00410433","2013-09-12","68"
"USC00410433","2013-09-13","69"
"USC00410433","2013-09-14","70"
"USC00410433","2013-09-15","71"
"USC00410433","2013-09-16","73"
"USC00410433","2013-09-17","71"
"USC00410433","2013-09-18","70"
"USC00410433","2013-09-19","75"
"USC00410433","2013-09-20","74"
"USC00410433","2013-09-21","64"
"USC00410433","2013-09-22","60"
"USC00410433","2013-09-23","55"
"USC00410433","2013-09-24","65"
"USC00410433","2013-09-25","64"
"USC00410433","2013-09-26","63"
"USC00410433","2013-09-27","74"
"USC00410433","2013-09-28","75"
"USC00410433","2013-09-29","63"
"USC00410433","2013-09-30","61"
"USC00410433","2013-10-01","69"
"USC00410433","2013-10-02","72"
"USC00410433","2013-10-03","74"
"USC00410433","2013-10-04","72"
"USC00410433","2013-10-05","72"
"USC00410433","2013-10-06","52"
"USC00410433","2013-10-07","53"
"USC00410433","2013-10-08","52"
"USC00410433","2013-10-09","53"
"USC00410433","2013-10-10","60"
"USC00410433","2013-10-11","70"
"USC00410433","2013-10-12","74"
"USC00410433","2013-10-13","65"
"USC00410433","2013-10-14","69"
"USC00410433","2013-10-15","69"
"USC00410433","2013-10-16","52"
"USC00410433","2013-10-17","49"
"USC00410433","2013-10-18","57"
"USC00410433","2013-10-19","47"
"USC00410433","2013-10-20","40"
"USC00410433","2013-10-21","57"
"USC00410433","2013-10-22","51"
"USC00410433","2013-10-23","51"
"USC00410433","2013-10-24","50"
"USC00410433","2013-10-25","52"
"USC00410433","2013-10-26","61"
"USC00410433","2013-10-27","62"
"USC00410433","2013-10-28","64"
"USC00410433","2013-10-29","69"
"USC00410433","2013-10-30","71"
"USC00410433","2013-10-31","65"
"USC00410433","2013-11-01","46"
"USC00410433","2013-11-02","52"
"USC00410433","2013-11-03","41"
"USC00410433","2013-11-04","57"
"USC00410433","2013-11-05","65"
"USC00410433","2013-11-06","62"
"USC00410433","2013-11-07","39"
"USC00410433","2013-11-08","48"
"USC00410433","2013-11-09","53"
"USC00410433","2013-11-10","58"
"USC00410433","2013-11-11","48"
"USC00410433","2013-11-12","55"
"USC00410433","2013-11-13","32"
"USC00410433","2013-11-14","30"
"USC00410433","2013-11-15","47"
"USC00410433","2013-11-16","63"
"USC00410433","2013-11-17","70"
"USC00410433","2013-11-18","58"
"USC00410433","2013-11-19","54"
"USC00410433","2013-11-20","56"
"USC00410433","2013-11-21","68"
"USC00410433","2013-11-22","39"
"USC00410433","2013-11-23","34"
"USC00410433","2013-11-24","38"
"USC00410433","2013-11-25","33"
"USC00410433","2013-11-26","36"
"USC00410433","2013-11-27","30"
"USC00410433","2013-11-28","32"
"USC00410433","2013-11-29","32"
"USC00410433","2013-11-30","49"
"USC00410433","2013-12-01","51"
"USC00410433","2013-12-02","54"
"USC00410433","2013-12-03","49"
"USC00410433","2013-12-04","54"
"USC00410433","2013-12-05","43"
"USC00410433","2013-12-06","31"
"USC00410433","2013-12-07","23"
"USC00410433","2013-12-08","29"
"USC00410433","2013-12-09","36"
"USC00410433","2013-12-10","25"
"USC00410433","2013-12-11","31"
"USC00410433","2013-12-12","30"
"USC00410433","2013-12-13","42"
"USC00410433","2013-12-14","42"
"USC00410433","2013-12-15","29"
"USC00410433","2013-12-16","32"
"USC00410433","2013-12-17","37"
"USC00410433","2013-12-18","41"
"USC00410433","2013-12-19","56"
"USC00410433","2013-12-20","64"
"USC00410433","2013-12-21","43"
"USC00410433","2013-12-22","40"
"USC00410433","2013-12-23","29"
"USC00410433","2013-12-24","27"
"USC00410433","2013-12-25","38"
"USC00410433","2013-12-26","35"
"USC00410433","2013-12-27","42"
"USC00410433","2013-12-28","41"
"USC00410433","2013-12-29","43"
"USC00410433","2013-12-30","33"
"USC00410433","2013-12-31","33"
"USC00410433","2014-01-01","35"
"USC00410433","2014-01-02","33"
"USC00410433","2014-01-03","23"
"USC00410433","2014-01-04","44"
"USC00410433","2014-01-05","35"
"USC00410433","2014-01-06","19"
"USC00410433","2014-01-07","17"
"USC00410433","2014-01-08","38"
"USC00410433","2014-01-09","52"
"USC00410433","2014-01-10","61"
"USC00410433","2014-01-11","45"
"USC00410433","2014-01-12","50"
"USC00410433","2014-01-13","51"
"USC00410433","2014-01-14","36"
"USC00410433","2014-01-15","34"
"USC00410433","2014-01-16","35"
"USC00410433","2014-01-17","44"
"USC00410433","2014-01-18","33"
"USC00410433","2014-01-19","42"
"USC00410433","2014-01-20","45"
"USC00410433","2014-01-21","44"
"USC00410433","2014-01-22","38"
"USC00410433","2014-01-23","45"
"USC00410433","2014-01-24","25"
"USC00410433","2014-01-25","25"
"USC00410433","2014-01-26","41"
"USC00410433","2014-01-27","46"
"USC00410433","2014-01-28","24"
"USC00410433","2014-01-29","23"
"USC00410433","2014-01-30","35"
"USC00410433","2014-01-31","54"
"USC00410433","2014-02-01","63"
"USC00410433","2014-02-02","37"
"USC00410433","2014-02-03","31"
"USC00410433","2014-02-04","40"
"USC00410433","2014-02-05","37"
"USC00410433","2014-02-06","23"
"USC00410433","2014-02-07","26"
"USC00410433","2014-02-08","35"
"USC00410433","2014-02-09","37"
"USC00410433","2014-02-10","38"
"USC00410433","2014-02-11","31"
"USC00410433","2014-02-12","31"
"USC00410433","2014-02-13","29"
"USC00410433","2014-02-14","44"
"USC00410433","2014-02-15","38"
"USC00410433","2014-02-16","56"
"USC00410433","2014-02-17","62"
"USC00410433","2014-02-18","53"
"USC00410433","2014-02-19","60"
"USC00410433","2014-02-20","65"
"USC00410433","2014-02-21","36"
"USC00410433","2014-02-22","44"
"USC00410433","2014-02-23","58"
"USC00410433","2014-02-24","50"
"USC00410433","2014-02-25","63"
"USC00410433","2014-02-26","37"
"USC00410433","2014-02-27","26"
"USC00410433","2014-02-28","43"
"USC00410433","2014-03-01","53"
"USC00410433","2014-03-02","67"
"USC00410433","2014-03-03","20"
"USC00410433","2014-03-04","29"
"USC00410433","2014-03-05","37"
"USC00410433","2014-03-06","40"
"USC00410433","2014-03-07","41"
"USC00410433","2014-03-08","54"
"USC00410433","2014-03-09","37"
"USC00410433","2014-03-10","47"
"USC00410433","2014-03-11","54"
"USC00410433","2014-03-12","47"
"USC00410433","2014-03-13","34"
"USC00410433","2014-03-14","50"
"USC00410433","2014-03-15","61"
"USC00410433","2014-03-16","55"
"USC00410433","2014-03-17","40"
"USC00410433","2014-03-18","47"
"USC00410433","2014-03-19","52"
"USC00410433","2014-03-20","42"
"USC00410433","2014-03-21","54"
"USC00410433","2014-03-22","63"
"USC00410433","2014-03-23","51"
"USC00410433","2014-03-24","48"
"USC00410433","2014-03-25","43"
"USC00410433","2014-03-26","53"
"USC00410433","2014-03-27","60"
"USC00410433","2014-03-28","66"
"USC00410433","2014-03-29","50"
"USC00410433","2014-03-30","45"
"USC00410433","2014-03-31","60"
"USC00410433","2014-04-01","64"
"USC00410433","2014-04-02","68"
"USC00410433","2014-04-03","69"
"USC00410433","2014-04-04","53"
"USC00410433","2014-04-05","52"
"USC00410433","2014-04-06","50"
"USC00410433","2014-04-07","50"
"USC00410433","2014-04-08","46"
"USC00410433","2014-04-09","46"
"USC00410433","2014-04-10","60"
"USC00410433","2014-04-11","61"
"USC00410433","2014-04-12","64"
"USC00410433","2014-04-13","66"
"USC00410433","2014-04-14","52"
"USC00410433","2014-04-15","36"
"USC00410433","2014-04-16","37"
"USC00410433","2014-04-17","55"
"USC00410433","2014-04-18","58"
"USC00410433","2014-04-19","53"
"USC00410433","2014-04-20","60"
"USC00410433","2014-04-21","64"
"USC00410433","2014-04-22","63"
"USC00410433","2014-04-23","57"
"USC00410433","2014-04-24","65"
"USC00410433","2014-04-25","61"
"USC00410433","2014-04-26","67"
"USC00410433","2014-04-27","71"
"USC00410433","2014-04-28","68"
"USC00410433","2014-04-29","63"
"USC00410433","2014-04-30","54"
"USC00410433","2014-05-01","50"
"USC00410433","2014-05-02","52"
"USC00410433","2014-05-03","53"
"USC00410433","2014-05-04","61"
"USC00410433","2014-05-05","59"
"USC00410433","2014-05-06","64"
"USC00410433","2014-05-07","68"
"USC00410433","2014-05-08","72"
"USC00410433","2014-05-09","72"
"USC00410433","2014-05-10","60"
"USC00410433","2014-05-11","71"
"USC00410433","2014-05-12","75"
"USC00410433","2014-05-13","54"
"USC00410433","2014-05-14","49"
"USC00410433","2014-05-15","44"
"USC00410433","2014-05-16","59"
"USC00410433","2014-05-17","59"
"USC00410433","2014-05-18","61"
"USC00410433","2014-05-19","65"
"USC00410433","2014-05-20","66"
"USC00410433","2014-05-21","68"
"USC00410433","2014-05-22","68"
"USC00410433","2014-05-23","69"
"USC00410433","2014-05-24","69"
"USC00410433","2014-05-25","69"
"USC00410433","2014-05-26","65"
"USC00410433","2014-05-27","61"
"USC00410433","2014-05-28","67"
"USC00410433","2014-05-29","63"
"USC00410433","2014-05-30","66"
"USC00410433","2014-05-31","67"
"USC00410433","2014-06-01","71"
"USC00410433","2014-06-02","73"
"USC00410433","2014-06-03","73"
"USC00410433","2014-06-04","73"
"USC00410433","2014-06-05","73"
"USC00410433","2014-06-06","72"
"USC00410433","2014-06-07","73"
"USC00410433","2014-06-08","74"
"USC00410433","2014-06-09","75"
"USC00410433","2014-06-10","60"
"USC00410433","2014-06-11","64"
"USC00410433","2014-06-12","76"
"USC00410433","2014-06-13","68"
"USC00410433","2014-06-14","73"
"USC00410433","2014-06-15","74"
"USC00410433","2014-06-16","75"
"USC00410433","2014-06-17","75"
"USC00410433","2014-06-18","76"
"USC00410433","2014-06-19","75"
"USC00410433","2014-06-20","74"
"USC00410433","2014-06-21","75"
"USC00410433","2014-06-22","76"
"USC00410433","2014-06-23","75"
"USC00410433","2014-06-24","73"
"USC00410433","2014-06-25","76"
"USC00410433","2014-06-26","70"
"USC00410433","2014-06-27","73"
"USC00410433","2014-06-28","75"
"USC00410433","2014-06-29","75"
"USC00410433","2014-06-30","75"
"USC00410433","2014-07-01","74"
"USC00410433","2014-07-02","72"
"USC00410433","2014-07-03","71"
"USC00410433","2014-07-04","70"
"USC00410433","2014-07-05","67"
"USC00410433","2014-07-06","72"
"USC00410433","2014-07-07","72"
"USC00410433","2014-07-08","73"
"USC00410433","2014-07-09","73"
"USC00410433","2014-07-10","70"
"USC00410433","2014-07-11","70"
"USC00410433","2014-07-12","69"
"USC00410433","2014-07-13","72"
"USC00410433","2014-07-14","73"
"USC00410433","2014-07-15","75"
"USC00410433","2014-07-16","71"
"USC00410433","2014-07-17","76"
"USC00410433","2014-07-18","71"
"USC00410433","2014-07-19","68"
"USC00410433","2014-07-20","72"
"USC00410433","2014-07-21","75"
"USC00410433","2014-07-22","75"
"USC00410433","2014-07-23","73"
"USC00410433","2014-07-24","75"
"USC00410433","2014-07-25","72"
"USC00410433","2014-07-26","76"
"USC00410433","2014-07-27","74"
"USC00410433","2014-07-28","73"
"USC00410433","2014-07-29","72"
"USC00410433","2014-07-30","75"
"USC00410433","2014-07-31","76"
"USC00410433","2014-08-01","70"
"USC00410433","2014-08-02","66"
"USC00410433","2014-08-03","69"
"USC00410433","2014-08-04","72"
"USC00410433","2014-08-05","70"
"USC00410433","2014-08-06","74"
"USC00410433","2014-08-07","76"
"USC00410433","2014-08-08","76"
"USC00410433","2014-08-09","75"
"USC00410433","2014-08-10","76"
"USC00410433","2014-08-11","75"
"USC00410433","2014-08-12","70"
"USC00410433","2014-08-13","68"
"USC00410433","2014-08-14","67"
"USC00410433","2014-08-15","72"
"USC00410433","2014-08-16","76"
"USC00410433","2014-08-17","77"
"USC00410433","2014-08-18","76"
"USC00410433","2014-08-19","75"
"USC00410433","2014-08-20","77"
"USC00410433","2014-08-21","78"
"USC00410433","2014-08-22","76"
"USC00410433","2014-08-23","73"
"USC00410433","2014-08-24","75"
"USC00410433","2014-08-25","75"
"USC00410433","2014-08-26","73"
"USC00410433","2014-08-27","72"
"USC00410433","2014-08-28","72"
"USC00410433","2014-08-29","76"
"USC00410433","2014-08-30","72"
"USC00410433","2014-08-31","73"
"USC00410433","2014-09-01","76"
"USC00410433","2014-09-02","77"
"USC00410433","2014-09-03","75"
"USC00410433","2014-09-04","76"
"USC00410433","2014-09-05","75"
"USC00410433","2014-09-06","72"
"USC00410433","2014-09-07","72"
"USC00410433","2014-09-08","69"
"USC00410433","2014-09-09","73"
"USC00410433","2014-09-10","75"
"USC00410433","2014-09-11","76"
"USC00410433","2014-09-12","73"
"USC00410433","2014-09-13","58"
"USC00410433","2014-09-14","62"
"USC00410433","2014-09-15","67"
"USC00410433","2014-09-16","72"
"USC00410433","2014-09-17","72"
"USC00410433","2014-09-18","71"
"USC00410433","2014-09-19","72"
"USC00410433","2014-09-20","73"
"USC00410433","2014-09-21","70"
"USC00410433","2014-09-22","66"
"USC00410433","2014-09-23","63"
"USC00410433","2014-09-24","57"
"USC00410433","2014-09-25","60"
"USC00410433","2014-09-26","65"
"USC00410433","2014-09-27","68"
"USC00410433","2014-09-28","64"
"USC00410433","2014-09-29","65"
"USC00410433","2014-09-30","63"
"USC00410433","2014-10-01","74"
"USC00410433","2014-10-02","76"
"USC00410433","2014-10-03","63"
"USC00410433","2014-10-04","57"
"USC00410433","2014-10-05","63"
"USC00410433","2014-10-06","72"
"USC00410433","2014-10-07","71"
"USC00410433","2014-10-08","72"
"USC00410433","2014-10-09","73"
"USC00410433","2014-10-10","73"
"USC00410433","2014-10-11","63"
"USC00410433","2014-10-12","60"
"USC00410433","2014-10-13","68"
"USC00410433","2014-10-14","51"
"USC00410433","2014-10-15","52"
"USC00410433","2014-10-16","56"
"USC00410433","2014-10-17","60"
"USC00410433","2014-10-18","68"
"USC00410433","2014-10-19","63"
"USC00410433","2014-10-20","61"
"USC00410433","2014-10-21","56"
"USC00410433","2014-10-22","59"
"USC00410433","2014-10-23","63"
"USC00410433","2014-10-24","57"
"USC00410433","2014-10-25","59"
"USC00410433","2014-10-26","58"
"USC00410433","2014-10-27","62"
"USC00410433","2014-10-28","63"
"USC00410433","2014-10-29","66"
"USC00410433","2014-10-30","61"
"USC00410433","2014-10-31","56"
"USC00410433","2014-11-01","44"
"USC00410433","2014-11-02","48"
"USC00410433","2014-11-03","59"
"USC00410433","2014-11-04","67"
"USC00410433","2014-11-05","52"
"USC00410433","2014-11-06","52"
"USC00410433","2014-11-07","47"
"USC00410433","2014-11-08","49"
"USC00410433","2014-11-09","43"
"USC00410433","2014-11-10","46"
"USC00410433","2014-11-11","47"
"USC00410433","2014-11-12","34"
"USC00410433","2014-11-13","32"
"USC00410433","2014-11-14","32"
"USC00410433","2014-11-15","40"
"USC00410433","2014-11-16","47"
"USC00410433","2014-11-17","27"
"USC00410433","2014-11-18","27"
"USC00410433","2014-11-19","31"
"USC00410433","2014-11-20","45"
"USC00410433","2014-11-21","61"
"USC00410433","2014-11-22","63"
"USC00410433","2014-11-23","51"
"USC00410433","2014-11-24","42"
"USC00410433","2014-11-25","38"
"USC00410433","2014-11-26","40"
"USC00410433","2014-11-27","44"
"USC00410433","2014-11-28","46"
"USC00410433","2014-11-29","56"
"USC00410433","2014-11-30","65"
"USC00410433","2014-12-01","59"
"USC00410433","2014-12-02","37"
"USC00410433","2014-12-03","47"
"USC00410433","2014-12-04","57"
"USC00410433","2014-12-05","63"
"USC00410433","2014-12-06","53"
"USC00410433","2014-12-07","50"
"USC00410433","2014-12-08","49"
"USC00410433","2014-12-09","40"
"USC00410433","2014-12-10","48"
"USC00410433","2014-12-11","55"
"USC00410433","2014-12-12","55"
"USC00410433","2014-12-13","53"
"USC00410433","2014-12-14","61"
"USC00410433","2014-12-15","59"
"USC00410433","2014-12-16","43"
"USC00410433","2014-12-17","47"
"USC00410433","2014-12-18","47"
"USC00410433","2014-12-19","45"
"USC00410433","2014-12-20","46"
"USC00410433","2014-12-21","47"
"USC00410433","2014-12-22","55"
"USC00410433","2014-12-23","52"
"USC00410433","2014-12-24","38"
"USC00410433","2014-12-25","34"
"USC00410433","2014-12-26","54"
"USC00410433","2014-12-27","59"
"USC00410433","2014-12-28","33"
"USC00410433","2014-12-29","31"
"USC00410433","2014-12-30","42"
"USC00410433","2014-12-31","34"
"USC00410433","2015-01-01","32"
"USC00410433","2015-01-02","36"
"USC00410433","2015-01-03","36"
"USC00410433","2015-01-04","38"
"USC00410433","2015-01-05","27"
"USC00410433","2015-01-06","34"
"USC00410433","2015-01-07","41"
"USC00410433","2015-01-08","20"
"USC00410433","2015-01-09","35"
"USC00410433","2015-01-10","30"
"USC00410433","2015-01-11","34"
"USC00410433","2015-01-12","41"
"USC00410433","2015-01-13","33"
"USC00410433","2015-01-14","36"
"USC00410433","2015-01-15","35"
"USC00410433","2015-01-16","36"
"USC00410433","2015-01-17","40"
"USC00410433","2015-01-18","46"
"USC00410433","2015-01-19","39"
"USC00410433","2015-01-20","43"
"USC00410433","2015-01-21","48"
"USC00410433","2015-01-22","44"
"USC00410433","2015-01-23","37"
"USC00410433","2015-01-24","34"
"USC00410433","2015-01-25","41"
"USC00410433","2015-01-26","43"
"USC00410433","2015-01-27","49"
"USC00410433","2015-01-28","47"
"USC00410433","2015-01-29","50"
"USC00410433","2015-01-30","46"
"USC00410433","2015-01-31","48"
"USC00410433","2015-02-01","58"
"USC00410433","2015-02-02","31"
"USC00410433","2015-02-03","39"
"USC00410433","2015-02-04","42"
"USC00410433","2015-02-05","36"
"USC00410433","2015-02-06","36"
"USC00410433","2015-02-07","38"
"USC00410433","2015-02-08","58"
"USC00410433","2015-02-09","45"
"USC00410433","2015-02-10","45"
"USC00410433","2015-02-11","50"
"USC00410433","2015-02-12","43"
"USC00410433","2015-02-13","37"
"USC00410433","2015-02-14","50"
"USC00410433","2015-02-15","57"
"USC00410433","2015-02-16","39"
"USC00410433","2015-02-17","32"
"USC00410433","2015-02-18","33"
"USC00410433","2015-02-19","37"
"USC00410433","2015-02-20","57"
"USC00410433","2015-02-21","63"
"USC00410433","2015-02-22","53"
"USC00410433","2015-02-23","31"
"USC00410433","2015-02-24","28"
"USC00410433","2015-02-25","35"
"USC00410433","2015-02-26","30"
"USC00410433","2015-02-27","31"
"USC00410433","2015-02-28","29"
"USC00410433","2015-03-01","34"
"USC00410433","2015-03-02","36"
"USC00410433","2015-03-03","40"
"USC00410433","2015-03-04","59"
"USC00410433","2015-03-05","28"
"USC00410433","2015-03-06","24"
"USC00410433","2015-03-07","40"
"USC00410433","2015-03-08","47"
"USC00410433","2015-03-09","47"
"USC00410433","2015-03-10","48"
"USC00410433","2015-03-11","53"
"USC00410433","2015-03-12","51"
"USC00410433","2015-03-13","52"
"USC00410433","2015-03-14","53"
"USC00410433","2015-03-15","49"
"USC00410433","2015-03-16","52"
"USC00410433","2015-03-17","61"
"USC00410433","2015-03-18","59"
"USC00410433","2015-03-19","63"
"USC00410433","2015-03-20","66"
"USC00410433","2015-03-21","53"
"USC00410433","2015-03-22","55"
"USC00410433","2015-03-23","48"
"USC00410433","2015-03-24","57"
"USC00410433","2015-03-25","60"
"USC00410433","2015-03-26","52"
"USC00410433","2015-03-27","42"
"USC00410433","2015-03-28","46"
"USC00410433","2015-03-29","57"
"USC00410433","2015-03-30","64"
"USC00410433","2015-03-31","65"
"USC00410433","2015-04-01","67"
"USC00410433","2015-04-02","67"
"USC00410433","2015-04-03","68"
"USC00410433","2015-04-04","54"
"USC00410433","2015-04-05","59"
"USC00410433","2015-04-06","64"
"USC00410433","2015-04-07","66"
"USC00410433","2015-04-08","68"
"USC00410433","2015-04-09","68"
"USC00410433","2015-04-10","61"
"USC00410433","2015-04-11","59"
"USC00410433","2015-04-12","65"
"USC00410433","2015-04-13","64"
"USC00410433","2015-04-14","60"
"USC00410433","2015-04-15","51"
"USC00410433","2015-04-16","65"
"USC00410433","2015-04-17","64"
"USC00410433","2015-04-18","63"
"USC00410433","2015-04-19","59"
"USC00410433","2015-04-20","51"
"USC00410433","2015-04-21","48"
"USC00410433","2015-04-22","65"
"USC00410433","2015-04-23","67"
"USC00410433","2015-04-24","69"
"USC00410433","2015-04-25","69"
"USC00410433","2015-04-26","69"
"USC00410433","2015-04-27","62"
"USC00410433","2015-04-28","58"
"USC00410433","2015-04-29","47"
"USC00410433","2015-04-30","48"
"USC00410433","2015-05-01","52"
"USC00410433","2015-05-02","54"
"USC00410433","2015-05-03","55"
"USC00410433","2015-05-04","66"
"USC00410433","2015-05-05","66"
"USC00410433","2015-05-06","68"
"USC00410433","2015-05-07","71"
"USC00410433","2015-05-08","72"
"USC00410433","2015-05-09","71"
"USC00410433","2015-05-10","74"
"USC00410433","2015-05-11","69"
"USC00410433","2015-05-12","63"
"USC00410433","2015-05-13","66"
"USC00410433","2015-05-14","69"
"USC00410433","2015-05-15","70"
"USC00410433","2015-05-16","67"
"USC00410433","2015-05-17","66"
"USC00410433","2015-05-18","71"
"USC00410433","2015-05-19","73"
"USC00410433","2015-05-20","72"
"USC00410433","2015-05-21","62"
"USC00410433","2015-05-22","64"
"USC00410433","2015-05-23","70"
"USC00410433","2015-05-24","62"
"USC00410433","2015-05-25","71"
"USC00410433","2015-05-26","64"
"USC00410433","2015-05-27","65"
"USC00410433","2015-05-28","73"
"USC00410433","2015-05-29","63"
"USC00410433","2015-05-30","70"
"USC00410433","2015-05-31","65"
"USC00410433","2015-06-01","63"
"USC00410433","2015-06-02","66"
"USC00410433","2015-06-03","65"
"USC00410433","2015-06-04","67"
"USC00410433","2015-06-05","67"
"USC00410433","2015-06-06","68"
"USC00410433","2015-06-07","68"
"USC00410433","2015-06-08","69"
"USC00410433","2015-06-09","70"
"USC00410433","2015-06-10","70"
"USC00410433","2015-06-11","73"
"USC00410433","2015-06-12","75"
"USC00410433","2015-06-13","75"
"USC00410433","2015-06-14","70"
"USC00410433","2015-06-15","73"
"USC00410433","2015-06-16","73"
"USC00410433","2015-06-17","70"
"USC00410433","2015-06-18","72"
"USC00410433","2015-06-19","73"
"USC00410433","2015-06-20","74"
"USC00410433","2015-06-21","75"
"USC00410433","2015-06-22","75"
"USC00410433","2015-06-23","75"
"USC00410433","2015-06-24","72"
"USC00410433","2015-06-25","72"
"USC00410433","2015-06-26","74"
"USC00410433","2015-06-27","74"
"USC00410433","2015-06-28","72"
"USC00410433","2015-06-29","72"
"USC00410433","2015-06-30","74"
"USC00410433","2015-07-01","68"
"USC00410433","2015-07-02","69"
"USC00410433","2015-07-03","75"
"USC00410433","2015-07-04","74"
"USC00410433","2015-07-05","74"
"USC00410433","2015-07-06","75"
"USC00410433","2015-07-07","76"
"USC00410433","2015-07-08","76"
"USC00410433","2015-07-09","75"
"USC00410433","2015-07-10","73"
"USC00410433","2015-07-11","74"
"USC00410433","2015-07-12","73"
"USC00410433","2015-07-13","74"
"USC00410433","2015-07-14","72"
"USC00410433","2015-07-15","73"
"USC00410433","2015-07-16","73"
"USC00410433","2015-07-17","75"
"USC00410433","2015-07-18","76"
"USC00410433","2015-07-19","74"
"USC00410433","2015-07-20","74"
"USC00410433","2015-07-21","75"
"USC00410433","2015-07-22","75"
"USC00410433","2015-07-23","75"
"USC00410433","2015-07-24","76"
"USC00410433","2015-07-25","75"
"USC00410433","2015-07-26","75"
"USC00410433","2015-07-27","76"
"USC00410433","2015-07-28","76"
"USC00410433","2015-07-29","74"
"USC00410433","2015-07-30","72"
"USC00410433","2015-07-31","76"
"USC00410433","2015-08-01","71"
"USC00410433","2015-08-02","70"
"USC00410433","2015-08-03","73"
"USC00410433","2015-08-04","76"
"USC00410433","2015-08-05","76"
"USC00410433","2015-08-06","76"
"USC00410433","2015-08-07","75"
"USC00410433","2015-08-08","76"
"USC00410433","2015-08-09","74"
"USC00410433","2015-08-10","73"
"USC00410433","2015-08-11","73"
"USC00410433","2015-08-12","76"
"USC00410433","2015-08-13","78"
"USC00410433","2015-08-14","77"
"USC00410433","2015-08-15","77"
"USC00410433","2015-08-16","71"
"USC00410433","2015-08-17","72"
"USC00410433","2015-08-18","75"
"USC00410433","2015-08-19","76"
"USC00410433","2015-08-20","72"
"USC00410433","2015-08-21","70"
"USC00410433","2015-08-22","76"
"USC00410433","2015-08-23","76"
"USC00410433","2015-08-24","73"
"USC00410433","2015-08-25","75"
"USC00410433","2015-08-26","70"
"USC00410433","2015-08-27","72"
"USC00410433","2015-08-28","67"
"USC00410433","2015-08-29","70"
"USC00410433","2015-08-30","74"
"USC00410433","2015-08-31","73"
"USC00410433","2015-09-01","74"
"USC00410433","2015-09-02","70"
"USC00410433","2015-09-03","71"
"USC00410433","2015-09-04","75"
"USC00410433","2015-09-05","77"
"USC00410433","2015-09-06","75"
"USC00410433","2015-09-07","75"
"USC00410433","2015-09-08","76"
"USC00410433","2015-09-09","76"
"USC00410433","2015-09-10","75"
"USC00410433","2015-09-11","74"
"USC00410433","2015-09-12","69"
"USC00410433","2015-09-13","60"
"USC00410433","2015-09-14","62"
"USC00410433","2015-09-15","73"
"USC00410433","2015-09-16","74"
"USC00410433","2015-09-17","74"
"USC00410433","2015-09-18","74"
"USC00410433","2015-09-19","72"
"USC00410433","2015-09-20","66"
"USC00410433","2015-09-21","70"
"USC00410433","2015-09-22","68"
"USC00410433","2015-09-23","67"
"USC00410433","2015-09-24","66"
"USC00410433","2015-09-25","68"
"USC00410433","2015-09-26","65"
"USC00410433","2015-09-27","63"
"USC00410433","2015-09-28","66"
"USC00410433","2015-09-29","67"
"USC00410433","2015-09-30","69"
"USC00410433","2015-10-01","70"
"USC00410433","2015-10-02","64"
"USC00410433","2015-10-03","58"
"USC00410433","2015-10-04","58"
"USC00410433","2015-10-05","64"
"USC00410433","2015-10-06","61"
"USC00410433","2015-10-07","59"
"USC00410433","2015-10-08","67"
"USC00410433","2015-10-09","69"
"USC00410433","2015-10-10","65"
"USC00410433","2015-10-11","62"
"USC00410433","2015-10-12","71"
"USC00410433","2015-10-13","70"
"USC00410433","2015-10-14","55"
"USC00410433","2015-10-15","63"
"USC00410433","2015-10-16","60"
"USC00410433","2015-10-17","62"
"USC00410433","2015-10-18","51"
"USC00410433","2015-10-19","52"
"USC00410433","2015-10-20","54"
"USC00410433","2015-10-21","71"
"USC00410433","2015-10-22","68"
"USC00410433","2015-10-23","73"
"USC00410433","2015-10-24","65"
"USC00410433","2015-10-25","56"
"USC00410433","2015-10-26","56"
"USC00410433","2015-10-27","55"
"USC00410433","2015-10-28","56"
"USC00410433","2015-10-29","49"
"USC00410433","2015-10-30","70"
"USC00410433","2015-10-31","62"
"USC00410433","2015-11-01","58"
"USC00410433","2015-11-02","56"
"USC00410433","2015-11-03","58"
"USC00410433","2015-11-04","63"
"USC00410433","2015-11-05","72"
"USC00410433","2015-11-06","60"
"USC00410433","2015-11-07","54"
"USC00410433","2015-11-08","50"
"USC00410433","2015-11-09","49"
"USC00410433","2015-11-10","60"
"USC00410433","2015-11-11","72"
"USC00410433","2015-11-12","53"
"USC00410433","2015-11-13","56"
"USC00410433","2015-11-14","54"
"USC00410433","2015-11-15","53"
"USC00410433","2015-11-16","64"
"USC00410433","2015-11-17","52"
"USC00410433","2015-11-18","42"
"USC00410433","2015-11-19","47"
"USC00410433","2015-11-20","51"
"USC00410433","2015-11-21","63"
"USC00410433","2015-11-22","33"
"USC00410433","2015-11-23","30"
"USC00410433","2015-11-24","47"
"USC00410433","2015-11-25","61"
"USC00410433","2015-11-26","67"
"USC00410433","2015-11-27","69"
"USC00410433","2015-11-28","37"
"USC00410433","2015-11-29","40"
"USC00410433","2015-11-30","43"
"USC00410433","2015-12-01","43"
"USC00410433","2015-12-02","39"
"USC00410433","2015-12-03","37"
"USC00410433","2015-12-04","36"
"USC00410433","2015-12-05","35"
"USC00410433","2015-12-06","44"
"USC00410433","2015-12-07","38"
"USC00410433","2015-12-08","43"
"USC00410433","2015-12-09","49"
"USC00410433","2015-12-10","60"
"USC00410433","2015-12-11","57"
"USC00410433","2015-12-12","68"
"USC00410433","2015-12-13","49"
"USC00410433","2015-12-14","38"
"USC00410433","2015-12-15","56"
"USC00410433","2015-12-16","53"
"USC00410433","2015-12-17","34"
"USC00410433","2015-12-18","34"
"USC00410433","2015-12-19","35"
"USC00410433","2015-12-20","52"
"USC00410433","2015-12-21","63"
"USC00410433","2015-12-22","45"
"USC00410433","2015-12-23","64"
"USC00410433","2015-12-24","52"
"USC00410433","2015-12-25","49"
"USC00410433","2015-12-26","70"
"USC00410433","2015-12-27","47"
"USC00410433","2015-12-28","34"
"USC00410433","2015-12-29","35"
"USC00410433","2015-12-30","43"
"USC00410433","2015-12-31","38"
"USC00410433","2016-01-01","42"
"USC00410433","2016-01-02","41"
"USC00410433","2016-01-03","40"
"USC00410433","2016-01-04","35"
"USC00410433","2016-01-05","37"
"USC00410433","2016-01-06","45"
"USC00410433","2016-01-07","49"
"USC00410433","2016-01-08","43"
"USC00410433","2016-01-09","44"
"USC00410433","2016-01-10","30"
"USC00410433","2016-01-11","30"
"USC00410433","2016-01-12","36"
"USC00410433","2016-01-13","38"
"USC00410433","2016-01-14","46"
"USC00410433","2016-01-15","47"
"USC00410433","2016-01-16","43"
"USC00410433","2016-01-17","29"
"USC00410433","2016-01-18","35"
"USC00410433","2016-01-19","44"
"USC00410433","2016-01-20","42"
"USC00410433","2016-01-21","52"
"USC00410433","2016-01-22","35"
"USC00410433","2016-01-23","28"
"USC00410433","2016-01-24","34"
"USC00410433","2016-01-25","59"
"USC00410433","2016-01-26","45"
"USC00410433","2016-01-27","36"
"USC00410433","2016-01-28","31"
"USC00410433","2016-01-29","43"
"USC00410433","2016-01-30","43"
"USC00410433","2016-01-31","58"
"USC00410433","2016-02-01","56"
"USC00410433","2016-02-02","49"
"USC00410433","2016-02-03","38"
"USC00410433","2016-02-04","32"
"USC00410433","2016-02-05","31"
"USC00410433","2016-02-06","41"
"USC00410433","2016-02-07","30"
"USC00410433","2016-02-08","43"
"USC00410433","2016-02-09","35"
"USC00410433","2016-02-10","35"
"USC00410433","2016-02-11","47"
"USC00410433","2016-02-12","45"
"USC00410433","2016-02-13","50"
"USC00410433","2016-02-14","56"
"USC00410433","2016-02-15","58"
"USC00410433","2016-02-16","46"
"USC00410433","2016-02-17","46"
"USC00410433","2016-02-18","56"
"USC00410433","2016-02-19","62"
"USC00410433","2016-02-20","64"
"USC00410433","2016-02-21","63"
"USC00410433","2016-02-22","57"
"USC00410433","2016-02-23","54"
"USC00410433","2016-02-24","41"
"USC00410433","2016-02-25","37"
"USC00410433","2016-02-26","35"
"USC00410433","2016-02-27","42"
"USC00410433","2016-02-28","54"
"USC00410433","2016-02-29","61"
"USC00410433","2016-03-01","64"
"USC00410433","2016-03-02","44"
"USC00410433","2016-03-03","66"
"USC00410433","2016-03-04","44"
"USC00410433","2016-03-05","56"
"USC00410433","2016-03-06","57"
"USC00410433","2016-03-07","62"
"USC00410433","2016-03-08","66"
"USC00410433","2016-03-09","57"
"USC00410433","2016-03-10","56"
"USC00410433","2016-03-11","60"
"USC00410433","2016-03-12","56"
"USC00410433","2016-03-13","54"
"USC00410433","2016-03-14","51"
"USC00410433","2016-03-15","60"
"USC00410433","2016-03-16","59"
"USC00410433","2016-03-17","66"
"USC00410433","2016-03-18","65"
"USC00410433","2016-03-19","44"
"USC00410433","2016-03-20","37"
"USC00410433","2016-03-21","32"
"USC00410433","2016-03-22","47"
"USC00410433","2016-03-23","63"
"USC00410433","2016-03-24","49"
"USC00410433","2016-03-25","37"
"USC00410433","2016-03-26","49"
"USC00410433","2016-03-27","62"
"USC00410433","2016-03-28","45"
"USC00410433","2016-03-29","60"
"USC00410433","2016-03-30","67"
"USC00410433","2016-03-31","65"
"USC00410433","2016-04-01","51"
"USC00410433","2016-04-02","42"
"USC00410433","2016-04-03","43"
"USC00410433","2016-04-04","50"
"USC00410433","2016-04-05","49"
"USC00410433","2016-04-06","62"
"USC00410433","2016-04-07","44"
"USC00410433","2016-04-08","59"
"USC00410433","2016-04-09","58"
"USC00410433","2016-04-10","64"
"USC00410433","2016-04-11","69"
"USC00410433","2016-04-12","61"
"USC00410433","2016-04-13","59"
"USC00410433","2016-04-14","51"
"USC00410433","2016-04-15","57"
"USC00410433","2016-04-16","63"
"USC00410433","2016-04-17","68"
"USC00410433","2016-04-18","63"
"USC00410433","2016-04-19","63"
"USC00410433","2016-04-20","59"
"USC00410433","2016-04-21","59"
"USC00410433","2016-04-22","56"
"USC00410433","2016-04-23","53"
"USC00410433","2016-04-24","61"
"USC00410433","2016-04-25","68"
"USC00410433","2016-04-26","70"
"USC00410433","2016-04-27","60"
"USC00410433","2016-04-28","65"
"USC00410433","2016-04-29","73"
"USC00410433","2016-04-30","63"
"USC00410433","2016-05-01","63"
"USC00410433","2016-05-02","58"
"USC00410433","2016-05-03","48"
"USC00410433","2016-05-04","53"
"USC00410433","2016-05-05","57"
"USC00410433","2016-05-06","53"
"USC00410433","2016-05-07","59"
"USC00410433","2016-05-08","66"
"USC00410433","2016-05-09","66"
"USC00410433","2016-05-10","72"
"USC00410433","2016-05-11","63"
"USC00410433","2016-05-12","69"
"USC00410433","2016-05-13","68"
"USC00410433","2016-05-14","69"
"USC00410433","2016-05-15","58"
"USC00410433","2016-05-16","65"
"USC00410433","2016-05-17","65"
"USC00410433","2016-05-18","60"
"USC00410433","2016-05-19","59"
"USC00410433","2016-05-20","61"
"USC00410433","2016-05-21","68"
"USC00410433","2016-05-22","70"
"USC00410433","2016-05-23","70"
"USC00410433","2016-05-24","72"
"USC00410433","2016-05-25","74"
"USC00410433","2016-05-26","76"
"USC00410433","2016-05-27","67"
"USC00410433","2016-05-28","66"
"USC00410433","2016-05-29","68"
"USC00410433","2016-05-30","64"
"USC00410433","2016-05-31","73"
"USC00410433","2016-06-01","67"
"USC00410433","2016-06-02","66"
"USC00410433","2016-06-03","63"
"USC00410433","2016-06-04","67"
"USC00410433","2016-06-05","65"
"USC00410433","2016-06-06","66"
"USC00410433","2016-06-07","66"
"USC00410433","2016-06-08","68"
"USC00410433","2016-06-09","67"
"USC00410433","2016-06-10","67"
"USC00410433","2016-06-11","74"
"USC00410433","2016-06-12","76"
"USC00410433","2016-06-13","75"
"USC00410433","2016-06-14","76"
"USC00410433","2016-06-15","76"
"USC00410433","2016-06-16","73"
"USC00410433","2016-06-17","74"
"USC00410433","2016-06-18","75"
"USC00410433","2016-06-19","76"
"USC00410433","2016-06-20","72"
"USC00410433","2016-06-21","72"
"USC00410433","2016-06-22","74"
"USC00410433","2016-06-23","74"
"USC00410433","2016-06-24","73"
"USC00410433","2016-06-25","75"
"USC00410433","2016-06-26","75"
"USC00410433","2016-06-27","72"
"USC00410433","2016-06-28","72"
"USC00410433","2016-06-29","69"
"USC00410433","2016-06-30","72"
"USC00410433","2016-07-01","71"
"USC00410433","2016-07-02","75"
"USC00410433","2016-07-03","76"
"USC00410433","2016-07-04","77"
"USC00410433","2016-07-05","77"
"USC00410433","2016-07-06","77"
"USC00410433","2016-07-07","76"
"USC00410433","2016-07-08","76"
"USC00410433","2016-07-09","75"
"USC00410433","2016-07-10","77"
"USC00410433","2016-07-11","76"
"USC00410433","2016-07-12","75"
"USC00410433","2016-07-13","78"
"USC00410433","2016-07-14","75"
"USC00410433","2016-07-15","75"
"USC00410433","2016-07-16","74"
"USC00410433","2016-07-17","73"
"USC00410433","2016-07-18","76"
"USC00410433","2016-07-19","74"
"USC00410433","2016-07-20","73"
"USC00410433","2016-07-21","72"
"USC00410433","2016-07-22","72"
"USC00410433","2016-07-23","76"
"USC00410433","2016-07-24","76"
"USC00410433","2016-07-25","76"
"USC00410433","2016-07-26","73"
"USC00410433","2016-07-27","73"
"USC00410433","2016-07-28","74"
"USC00410433","2016-07-29","74"
"USC00410433","2016-07-30","74"
"USC00410433","2016-07-31","75"
"USC00410433","2016-08-01","73"
"USC00410433","2016-08-02","73"
"USC00410433","2016-08-03","74"
"USC00410433","2016-08-04","74"
"USC00410433","2016-08-05","74"
"USC00410433","2016-08-06","75"
"USC00410433","2016-08-07","75"
"USC00410433","2016-08-08","76"
"USC00410433","2016-08-09","77"
"USC00410433","2016-08-10","78"
"USC00410433","2016-08-11","76"
"USC00410433","2016-08-12","76"
"USC00410433","2016-08-13","74"
"USC00410433","2016-08-14","73"
"USC00410433","2016-08-15","69"
"USC00410433","2016-08-16","73"
"USC00410433","2016-08-17","73"
"USC00410433","2016-08-18","72"
"USC00410433","2016-08-19","74"
"USC00410433","2016-08-20","75"
"USC00410433","2016-08-21","70"
"USC00410433","2016-08-22","73"
"USC00410433","2016-08-23","75"
"USC00410433","2016-08-24","74"
"USC00410433","2016-08-25","73"
"USC00410433","2016-08-26","73"
"USC00410433","2016-08-27","69"
"USC00410433","2016-08-28","69"
"USC00410433","2016-08-29","71"
"USC00410433","2016-08-30","71"
"USC00410433","2016-08-31","72"
"USC00410433","2016-09-01","72"
"USC00410433","2016-09-02","72"
"USC00410433","2016-09-03","71"
"USC00410433","2016-09-04","71"
"USC00410433","2016-09-05","73"
"USC00410433","2016-09-06","76"
"USC00410433","2016-09-07","76"
"USC00410433","2016-09-08","75"
"USC00410433","2016-09-09","74"
"USC00410433","2016-09-10","73"
"USC00410433","2016-09-11","68"
"USC00410433","2016-09-12","67"
"USC00410433","2016-09-13","71"
"USC00410433","2016-09-14","73"
"USC00410433","2016-09-15","70"
"USC00410433","2016-09-16","71"
"USC00410433","2016-09-17","71"
"USC00410433","2016-09-18","73"
"USC00410433","2016-09-19","73"
"USC00410433","2016-09-20","72"
"USC00410433","2016-09-21","72"
"USC00410433","2016-09-22","67"
"USC00410433","2016-09-23","74"
"USC00410433","2016-09-24","75"
"USC00410433","2016-09-25","75"
"USC00410433","2016-09-26","70"
"USC00410433","2016-09-27","65"
"USC00410433","2016-09-28","62"
"USC00410433","2016-09-29","63"
"USC00410433","2016-09-30","56"
"USC00410433","2016-10-01","56"
"USC00410433","2016-10-02","55"
"USC00410433","2016-10-03","59"
"USC00410433","2016-10-04","68"
"USC00410433","2016-10-05","72"
"USC00410433","2016-10-06","73"
"USC00410433","2016-10-07","72"
"USC00410433","2016-10-08","58"
"USC00410433","2016-10-09","57"
"USC00410433","2016-10-10","48"
"USC00410433","2016-10-11","52"
"USC00410433","2016-10-12","59"
"USC00410433","2016-10-13","70"
"USC00410433","2016-10-14","68"
"USC00410433","2016-10-15","70"
"USC00410433","2016-10-16","73"
"USC00410433","2016-10-17","73"
"USC00410433","2016-10-18","73"
"USC00410433","2016-10-19","74"
"USC00410433","2016-10-20","68"
"USC00410433","2016-10-21","53"
"USC00410433","2016-10-22","43"
"USC00410433","2016-10-23","52"
"USC00410433","2016-10-24","64"
"USC00410433","2016-10-25","66"
"USC00410433","2016-10-26","61"
"USC00410433","2016-10-27","61"
"USC00410433","2016-10-28","57"
"USC00410433","2016-10-29","64"
"USC00410433","2016-10-30","63"
"USC00410433","2016-10-31","59"
"USC00410433","2016-11-01","70"
"USC00410433","2016-11-02","71"
"USC00410433","2016-11-03","71"
"USC00410433","2016-11-04","65"
"USC00410433","2016-11-05","65"
"USC00410433","2016-11-06","57"
"USC00410433","2016-11-07","61"
"USC00410433","2016-11-08","60"
"USC00410433","2016-11-09","59"
"USC00410433","2016-11-10","56"
"USC00410433","2016-11-11","53"
"USC00410433","2016-11-12","53"
"USC00410433","2016-11-13","52"
"USC00410433","2016-11-14","53"
"USC00410433","2016-11-15","56"
"USC00410433","2016-11-16","52"
"USC00410433","2016-11-17","61"
"USC00410433","2016-11-18","68"
"USC00410433","2016-11-19","40"
"USC00410433","2016-11-20","31"
"USC00410433","2016-11-21","43"
"USC00410433","2016-11-22","63"
"USC00410433","2016-11-23","47"
"USC00410433","2016-11-24","44"
"USC00410433","2016-11-25","56"
"USC00410433","2016-11-26","53"
"USC00410433","2016-11-27","56"
"USC00410433","2016-11-28","68"
"USC00410433","2016-11-29","54"
"USC00410433","2016-11-30","51"
"USC00410433","2016-12-01","35"
"USC00410433","2016-12-02","51"
"USC00410433","2016-12-03","47"
"USC00410433","2016-12-04","48"
"USC00410433","2016-12-05","46"
"USC00410433","2016-12-06","47"
"USC00410433","2016-12-07","39"
"USC00410433","2016-12-08","39"
"USC00410433","2016-12-09","30"
"USC00410433","2016-12-10","38"
"USC00410433","2016-12-11","52"
"USC00410433","2016-12-12","43"
"USC00410433","2016-12-13","57"
"USC00410433","2016-12-14","40"
"USC00410433","2016-12-15","43"
"USC00410433","2016-12-16","49"
"USC00410433","2016-12-17","62"
"USC00410433","2016-12-18","23"
"USC00410433","2016-12-19","20"
"USC00410433","2016-12-20","33"
"USC00410433","2016-12-21","44"
"USC00410433","2016-12-22","47"
"USC00410433","2016-12-23","50"
"USC00410433","2016-12-24","66"
"USC00410433","2016-12-25","67"
"USC00410433","2016-12-26","69"
"USC00410433","2016-12-27","62"
"USC00410433","2016-12-28","65"
"USC00410433","2016-12-29","54"
"USC00410433","2016-12-30","45"
"USC00410433","2016-12-31","54"
"USC00410433","2017-01-01","49"
"USC00410433","2017-01-02","51"
"USC00410433","2017-01-03","44"
"USC00410433","2017-01-04","36"
"USC00410433","2017-01-05","43"
"USC00410433","2017-01-06","26"
"USC00410433","2017-01-07","16"
"USC00410433","2017-01-08","18"
"USC00410433","2017-01-09","42"
"USC00410433","2017-01-10","57"
"USC00410433","2017-01-11","61"
"USC00410433","2017-01-12","65"
"USC00410433","2017-01-13","66"
"USC00410433","2017-01-14","46"
"USC00410433","2017-01-15","51"
"USC00410433","2017-01-16","57"
"USC00410433","2017-01-17","52"
"USC00410433","2017-01-18","46"
"USC00410433","2017-01-19","50"
"USC00410433","2017-01-20","47"
"USC00410433","2017-01-21","55"
"USC00410433","2017-01-22","55"
"USC00410433","2017-01-23","43"
"USC00410433","2017-01-24","51"
"USC00410433","2017-01-25","54"
"USC00410433","2017-01-26","37"
"USC00410433","2017-01-27","37"
"USC00410433","2017-01-28","40"
"USC00410433","2017-01-29","38"
"USC00410433","2017-01-30","49"
"USC00410433","2017-01-31","40"
"USC00410433","2017-02-01","51"
"USC00410433","2017-02-02","47"
"USC00410433","2017-02-03","43"
"USC00410433","2017-02-04","47"
"USC00410433","2017-02-05","54"
"USC00410433","2017-02-06","66"
"USC00410433","2017-02-07","61"
"USC00410433","2017-02-08","57"
"USC00410433","2017-02-09","41"
"USC00410433","2017-02-10","52"
"USC00410433","2017-02-11","66"
"USC00410433","2017-02-12","65"
"USC00410433","2017-02-13","60"
"USC00410433","2017-02-14","47"
"USC00410433","2017-02-15","39"
"USC00410433","2017-02-16","36"
"USC00410433","2017-02-17","49"
"USC00410433","2017-02-18","59"
"USC00410433","2017-02-19","66"
"USC00410433","2017-02-20","56"
"USC00410433","2017-02-21","49"
"USC00410433","2017-02-22","46"
"USC00410433","2017-02-23","56"
"USC00410433","2017-02-24","56"
"USC00410433","2017-02-25","41"
"USC00410433","2017-02-26","45"
"USC00410433","2017-02-27","64"
"USC00410433","2017-02-28","68"
"USC00410433","2017-03-01","62"
"USC00410433","2017-03-02","46"
"USC00410433","2017-03-03","37"
"USC00410433","2017-03-04","54"
"USC00410433","2017-03-05","56"
"USC00410433","2017-03-06","66"
"USC00410433","2017-03-07","64"
"USC00410433","2017-03-08","57"
"USC00410433","2017-03-09","65"
"USC00410433","2017-03-10","58"
"USC00410433","2017-03-11","61"
"USC00410433","2017-03-12","44"
"USC00410433","2017-03-13","47"
"USC00410433","2017-03-14","37"
"USC00410433","2017-03-15","48"
"USC00410433","2017-03-16","57"
"USC00410433","2017-03-17","64"
"USC00410433","2017-03-18","63"
"USC00410433","2017-03-19","63"
"USC00410433","2017-03-20","61"
"USC00410433","2017-03-21","61"
"USC00410433","2017-03-22","65"
"USC00410433","2017-03-23","64"
"USC00410433","2017-03-24","66"
"USC00410433","2017-03-25","48"
"USC00410433","2017-03-26","64"
"USC00410433","2017-03-27","66"
"USC00410433","2017-03-28","68"
"USC00410433","2017-03-29","58"
"USC00410433","2017-03-30","50"
"USC00410433","2017-03-31","56"
"USC00410433","2017-04-01","63"
"USC00410433","2017-04-02","66"
"USC00410433","2017-04-03","47"
"USC00410433","2017-04-04","58"
"USC00410433","2017-04-05","49"
"USC00410433","2017-04-06","43"
"USC00410433","2017-04-07","47"
"USC00410433","2017-04-08","56"
"USC00410433","2017-04-09","64"
"USC00410433","2017-04-10","69"
"USC00410433","2017-04-11","68"
"USC00410433","2017-04-12","59"
"USC00410433","2017-04-13","64"
"USC00410433","2017-04-14","64"
"USC00410433","2017-04-15","65"
"USC00410433","2017-04-16","67"
"USC00410433","2017-04-17","67"
"USC00410433","2017-04-18","61"
"USC00410433","2017-04-19","66"
"USC00410433","2017-04-20","67"
"USC00410433","2017-04-21","69"
"USC00410433","2017-04-22","60"
"USC00410433","2017-04-23","47"
"USC00410433","2017-04-24","45"
"USC00410433","2017-04-25","63"
"USC00410433","2017-04-26","72"
"USC00410433","2017-04-27","49"
"USC00410433","2017-04-28","70"
"USC00410433","2017-04-29","75"
"USC00410433","2017-04-30","48"
"USC00410433","2017-05-01","56"
"USC00410433","2017-05-02","63"
"USC00410433","2017-05-03","70"
"USC00410433","2017-05-04","58"
"USC00410433","2017-05-05","53"
"USC00410433","2017-05-06","51"
"USC00410433","2017-05-07","57"
"USC00410433","2017-05-08","63"
"USC00410433","2017-05-09","65"
"USC00410433","2017-05-10","69"
"USC00410433","2017-05-11","68"
"USC00410433","2017-05-12","58"
"USC00410433","2017-05-13","58"
"USC00410433","2017-05-14","59"
"USC00410433","2017-05-15","66"
"USC00410433","2017-05-16","69"
"USC00410433","2017-05-17","68"
"USC00410433","2017-05-18","73"
"USC00410433","2017-05-19","73"
"USC00410433","2017-05-20","64"
"USC00410433","2017-05-21","68"
"USC00410433","2017-05-22","58"
"USC00410433","2017-05-23","63"
"USC00410433","2017-05-24","52"
"USC00410433","2017-05-25","63"
"USC00410433","2017-05-26","74"
"USC00410433","2017-05-27","75"
"USC00410433","2017-05-28","72"
"USC00410433","2017-05-29","66"
"USC00410433","2017-05-30","65"
"USC00410433","2017-05-31","67"
"USC00410433","2017-06-01","64"
"USC00410433","2017-06-02","71"
"USC00410433","2017-06-03","73"
"USC00410433","2017-06-04","65"
"USC00410433","2017-06-05","65"
"USC00410433","2017-06-06","68"
"USC00410433","2017-06-07","66"
"USC00410433","2017-06-08","68"
"USC00410433","2017-06-09","72"
"USC00410433","2017-06-10","68"
"USC00410433","2017-06-11","71"
"USC00410433","2017-06-12","73"
"USC00410433","2017-06-13","75"
"USC00410433","2017-06-14","76"
"USC00410433","2017-06-15","74"
"USC00410433","2017-06-16","75"
"USC00410433","2017-06-17","74"
"USC00410433","2017-06-18","76"
"USC00410433","2017-06-19","74"
"USC00410433","2017-06-20","72"
"USC00410433","2017-06-21","70"
"USC00410433","2017-06-22","73"
"USC00410433","2017-06-23","75"
"USC00410433","2017-06-24","77"
"USC00410433","2017-06-25","72"
"USC00410433","2017-06-26","70"
"USC00410433","2017-06-27","72"
"USC00410433","2017-06-28","71"
"USC00410433","2017-06-29","74"
"USC00410433","2017-06-30","77"
"USC00410433","2017-07-01","78"
"USC00410433","2017-07-02","75"
"USC00410433","2017-07-03","74"
"USC00410433","2017-07-04","76"
"USC00410433","2017-07-05","76"
"USC00410433","2017-07-06","74"
"USC00410433","2017-07-07","72"
"USC00410433","2017-07-08","71"
"USC00410433","2017-07-09","73"
"USC00410433","2017-07-10","74"
"USC00410433","2017-07-11","74"
"USC00410433","2017-07-12","75"
"USC00410433","2017-07-13","74"
"USC00410433","2017-07-14","73"
"USC00410433","2017-07-15","73"
"USC00410433","2017-07-16","69"
"USC00410433","2017-07-17","74"
"USC00410433","2017-07-18","73"
"USC00410433","2017-07-19","74"
"USC00410433","2017-07-20","74"
"USC00410433","2017-07-21","75"
"USC00410433","2017-07-22","75"
"USC00410433","2017-07-23","75"
"USC00410433","2017-07-24","75"
"USC00410433","2017-07-25","75"
"USC00410433","2017-07-26","76"
"USC00410433","2017-07-27","72"
"USC00410433","2017-07-28","73"
"USC00410433","2017-07-29","73"
"USC00410433","2017-07-30","73"
"USC00410433","2017-07-31","75"
"USC00410433","2017-08-01","70"
"USC00410433","2017-08-02","78"
"USC00410433","2017-08-03","72"
"USC00410433","2017-08-04","71"
"USC00410433","2017-08-05","74"
"USC00410433","2017-08-06","76"
"USC00410433","2017-08-07","69"
"USC00410433","2017-08-08","72"
"USC00410433","2017-08-09","72"
"USC00410433","2017-08-10","71"
"USC00410433","2017-08-11","72"
"USC00410433","2017-08-12","76"
"USC00410433","2017-08-13","75"
"USC00410433","2017-08-14","75"
"USC00410433","2017-08-15","74"
"USC00410433","2017-08-16","77"
"USC00410433","2017-08-17","78"
"USC00410433","2017-08-18","75"
"USC00410433","2017-08-19","74"
"USC00410433","2017-08-20","74"
"USC00410433","2017-08-21","76"
"USC00410433","2017-08-22","74"
"USC00410433","2017-08-23","72"
"USC00410433","2017-08-24","74"
"USC00410433","2017-08-25","73"
"USC00410433","2017-08-26","70"
"USC00410433","2017-08-27","70"
"USC00410433","2017-08-28","68"
"USC00410433","2017-08-29","67"
"USC00410433","2017-08-30","69"
"USC00410433","2017-08-31","66"
"USC00410433","2017-09-01","66"
"USC00410433","2017-09-02","65"
"USC00410433","2017-09-03","66"
"USC00410433","2017-09-04","67"
"USC00410433","2017-09-05","68"
"USC00410433","2017-09-06","70"
"USC00410433","2017-09-07","56"
"USC00410433","2017-09-08","55"
"USC00410433","2017-09-09","59"
"USC00410433","2017-09-10","62"
"USC00410433","2017-09-11","62"
"USC00410433","2017-09-12","60"
"USC00410433","2017-09-13","60"
"USC00410433","2017-09-14","71"
"USC00410433","2017-09-15","71"
"USC00410433","2017-09-16","73"
"USC00410433","2017-09-17","72"
"USC00410433","2017-09-18","73"
"USC00410433","2017-09-19","75"
"USC00410433","2017-09-20","75"
"USC00410433","2017-09-21","76"
"USC00410433","2017-09-22","74"
"USC00410433","2017-09-23","72"
"USC00410433","2017-09-24","72"
"USC00410433","2017-09-25","73"
"USC00410433","2017-09-26","74"
"USC00410433","2017-09-27","70"
"USC00410433","2017-09-28","69"
"USC00410433","2017-09-29","68"
"USC00410433","2017-09-30","63"
"USC00410433","2017-10-01","58"
"USC00410433","2017-10-02","66"
"USC00410433","2017-10-03","72"
"USC00410433","2017-10-04","73"
"USC00410433","2017-10-05","66"
"USC00410433","2017-10-06","64"
"USC00410433","2017-10-07","66"
"USC00410433","2017-10-08","62"
"USC00410433","2017-10-09","71"
"USC00410433","2017-10-10","57"
"USC00410433","2017-10-11","54"
"USC00410433","2017-10-12","56"
"USC00410433","2017-10-13","67"
"USC00410433","2017-10-14","72"
"USC00410433","2017-10-15","71"
"USC00410433","2017-10-16","52"
"USC00410433","2017-10-17","46"
"USC00410433","2017-10-18","46"
"USC00410433","2017-10-19","54"
"USC00410433","2017-10-20","63"
"USC00410433","2017-10-21","70"
"USC00410433","2017-10-22","65"
"USC00410433","2017-10-23","46"
"USC00410433","2017-10-24","54"
"USC00410433","2017-10-25","47"
"USC00410433","2017-10-26","47"
"USC00410433","2017-10-27","53"
"USC00410433","2017-10-28","38"
"USC00410433","2017-10-29","34"
"USC00410433","2017-10-30","44"
"USC00410433","2017-10-31","53"
"USC00410433","2017-11-01","52"
"USC00410433","2017-11-02","69"
"USC00410433","2017-11-03","71"
"USC00410433","2017-11-04","71"
"USC00410433","2017-11-05","70"
"USC00410433","2017-11-06","69"
"USC00410433","2017-11-07","69"
"USC00410433","2017-11-08","49"
"USC00410433","2017-11-09","45"
"USC00410433","2017-11-10","50"
"USC00410433","2017-11-11","57"
"USC00410433","2017-11-12","63"
"USC00410433","2017-11-13","60"
"USC00410433","2017-11-14","60"
"USC00410433","2017-11-15","66"
"USC00410433","2017-11-16","62"
"USC00410433","2017-11-17","67"
"USC00410433","2017-11-18","69"
"USC00410433","2017-11-19","42"
"USC00410433","2017-11-20","37"
"USC00410433","2017-11-21","50"
"USC00410433","2017-11-22","46"
"USC00410433","2017-11-23","34"
"USC00410433","2017-11-24","41"
"USC00410433","2017-11-25","47"
"USC00410433","2017-11-26","52"
"USC00410433","2017-11-27","50"
"USC00410433","2017-11-28","53"
"USC00410433","2017-11-29","52"
"USC00410433","2017-11-30","43"
"USC00410433","2017-12-01","51"
"USC00410433","2017-12-02","49"
"USC00410433","2017-12-03","62"
"USC00410433","2017-12-04","68"
"USC00410433","2017-12-05","50"
"USC00410433","2017-12-06","38"
"USC00410433","2017-12-07","40"
"USC00410433","2017-12-08","27"
"USC00410433","2017-12-09","34"
"USC00410433","2017-12-10","36"
"USC00410433","2017-12-11","43"
"USC00410433","2017-12-12","46"
"USC00410433","2017-12-13","35"
"USC00410433","2017-12-14","43"
"USC00410433","2017-12-15","44"
"USC00410433","2017-12-16","42"
"USC00410433","2017-12-17","44"
"USC00410433","2017-12-18","49"
"USC00410433","2017-12-19","60"
"USC00410433","2017-12-20","48"
"USC00410433","2017-12-21","44"
"USC00410433","2017-12-22","67"
"USC00410433","2017-12-23","36"
"USC00410433","2017-12-24","39"
"USC00410433","2017-12-25","31"
"USC00410433","2017-12-26","45"
"USC00410433","2017-12-27","37"
"USC00410433","2017-12-28","36"
"USC00410433","2017-12-29","38"
"USC00410433","2017-12-30","49"
"USC00410433","2017-12-31","38"
"USC00410433","2018-01-01","23"
"USC00410433","2018-01-02","26"
"USC00410433","2018-01-03","19"
"USC00410433","2018-01-04","25"
"USC00410433","2018-01-05","41"
"USC00410433","2018-01-06","43"
"USC00410433","2018-01-07","53"
"USC00410433","2018-01-08","45"
"USC00410433","2018-01-09","35"
"USC00410433","2018-01-10","46"
"USC00410433","2018-01-11","56"
"USC00410433","2018-01-12","31"
"USC00410433","2018-01-13","28"
"USC00410433","2018-01-14","31"
"USC00410433","2018-01-15","39"
"USC00410433","2018-01-16","23"
"USC00410433","2018-01-17","14"
"USC00410433","2018-01-18","27"
"USC00410433","2018-01-19","38"
"USC00410433","2018-01-20","52"
"USC00410433","2018-01-21","62"
"USC00410433","2018-01-22","42"
"USC00410433","2018-01-23","34"
"USC00410433","2018-01-24","30"
"USC00410433","2018-01-25","29"
"USC00410433","2018-01-26","49"
"USC00410433","2018-01-27","60"
"USC00410433","2018-01-28","47"
"USC00410433","2018-01-29","44"
"USC00410433","2018-01-30","31"
"USC00410433","2018-01-31","48"
"USC00410433","2018-02-01","54"
"USC00410433","2018-02-02","41"
"USC00410433","2018-02-03","41"
"USC00410433","2018-02-04","44"
"USC00410433","2018-02-05","37"
"USC00410433","2018-02-06","47"
"USC00410433","2018-02-07","34"
"USC00410433","2018-02-08","31"
"USC00410433","2018-02-09","49"
"USC00410433","2018-02-10","57"
"USC00410433","2018-02-11","30"
"USC00410433","2018-02-12","28"
"USC00410433","2018-02-13","38"
"USC00410433","2018-02-14","47"
"USC00410433","2018-02-15","63"
"USC00410433","2018-02-16","61"
"USC00410433","2018-02-17","51"
"USC00410433","2018-02-18","50"
"USC00410433","2018-02-19","67"
"USC00410433","2018-02-20","67"
"USC00410433","2018-02-21","39"
"USC00410433","2018-02-22","34"
"USC00410433","2018-02-23","43"
"USC00410433","2018-02-24","66"
"USC00410433","2018-02-25","52"
"USC00410433","2018-02-26","42"
"USC00410433","2018-02-27","58"
"USC00410433","2018-02-28","66"
"USC00410433","2018-03-01","57"
"USC00410433","2018-03-02","48"
"USC00410433","2018-03-03","53"
"USC00410433","2018-03-04","63"
"USC00410433","2018-03-05","67"
"USC00410433","2018-03-06","47"
"USC00410433","2018-03-07","42"
"USC00410433","2018-03-08","45"
"USC00410433","2018-03-09","53"
"USC00410433","2018-03-10","63"
"USC00410433","2018-03-11","65"
"USC00410433","2018-03-12","42"
"USC00410433","2018-03-13","40"
"USC00410433","2018-03-14","41"
"USC00410433","2018-03-15","48"
"USC00410433","2018-03-16","63"
"USC00410433","2018-03-17","66"
"USC00410433","2018-03-18","66"
"USC00410433","2018-03-19","50"
"USC00410433","2018-03-20","47"
"USC00410433","2018-03-21","40"
"USC00410433","2018-03-22","51"
"USC00410433","2018-03-23","60"
"USC00410433","2018-03-24","65"
"USC00410433","2018-03-25","67"
"USC00410433","2018-03-26","67"
"USC00410433","2018-03-27","68"
"USC00410433","2018-03-28","58"
"USC00410433","2018-03-29","55"
"USC00410433","2018-03-30","52"
"USC00410433","2018-03-31","59"
"USC00410433","2018-04-01","62"
"USC00410433","2018-04-02","54"
"USC00410433","2018-04-03","67"
"USC00410433","2018-04-04","47"
"USC00410433","2018-04-05","55"
"USC00410433","2018-04-06","68"
"USC00410433","2018-04-07","47"
"USC00410433","2018-04-08","40"
"USC00410433","2018-04-09","51"
"USC00410433","2018-04-10","50"
"USC00410433","2018-04-11","45"
"USC00410433","2018-04-12","63"
"USC00410433","2018-04-13","70"
"USC00410433","2018-04-14","53"
"USC00410433","2018-04-15","41"
"USC00410433","2018-04-16","48"
"USC00410433","2018-04-17","58"
"USC00410433","2018-04-18","67"
"USC00410433","2018-04-19","56"
"USC00410433","2018-04-20","56"
"USC00410433","2018-04-21","57"
"USC00410433","2018-04-22","52"
"USC00410433","2018-04-23","52"
"USC00410433","2018-04-24","55"
"USC00410433","2018-04-25","57"
"USC00410433","2018-04-26","47"
"USC00410433","2018-04-27","54"
"USC00410433","2018-04-28","55"
"USC00410433","2018-04-29","55"
"USC00410433","2018-04-30","64"
"USC00410433","2018-05-01","68"
"USC00410433","2018-05-02","72"
"USC00410433","2018-05-03","74"
"USC00410433","2018-05-04","70"
"USC00410433","2018-05-05","60"
"USC00410433","2018-05-06","58"
"USC00410433","2018-05-07","57"
"USC00410433","2018-05-08","64"
"USC00410433","2018-05-09","65"
"USC00410433","2018-05-10","65"
"USC00410433","2018-05-11","68"
"USC00410433","2018-05-12","71"
"USC00410433","2018-05-13","72"
"USC00410433","2018-05-14","72"
"USC00410433","2018-05-15","71"
"USC00410433","2018-05-16","63"
"USC00410433","2018-05-17","67"
"USC00410433","2018-05-18","70"
"USC00410433","2018-05-19","72"
"USC00410433","2018-05-20","74"
"USC00410433","2018-05-21","67"
"USC00410433","2018-05-22","70"
"USC00410433","2018-05-23","71"
"USC00410433","2018-05-24","72"
"USC00410433","2018-05-25","73"
"USC00410433","2018-05-26","73"
"USC00410433","2018-05-27","72"
"USC00410433","2018-05-28","70"
"USC00410433","2018-05-29","72"
"USC00410433","2018-05-30","73"
"USC00410433","2018-05-31","75"
"USC00410433","2018-06-01","75"
"USC00410433","2018-06-02","76"
"USC00410433","2018-06-03","75"
"USC00410433","2018-06-04","69"
"USC00410433","2018-06-05","73"
"USC00410433","2018-06-06","75"
"USC00410433","2018-06-07","75"
"USC00410433","2018-06-08","74"
"USC00410433","2018-06-09","75"
"USC00410433","2018-06-10","76"
"USC00410433","2018-06-11","76"
"USC00410433","2018-06-12","77"
"USC00410433","2018-06-13","77"
"USC00410433","2018-06-14","76"
"USC00410433","2018-06-15","74"
"USC00410433","2018-06-16","75"
"USC00410433","2018-06-17","74"
"USC00410433","2018-06-18","73"
"USC00410433","2018-06-19","73"
"USC00410433","2018-06-20","73"
"USC00410433","2018-06-21","73"
"USC00410433","2018-06-22","75"
"USC00410433","2018-06-23","74"
"USC00410433","2018-06-24","76"
"USC00410433","2018-06-25","77"
"USC00410433","2018-06-26","77"
"USC00410433","2018-06-27","74"
"USC00410433","2018-06-28","75"
"USC00410433","2018-06-29","76"
"USC00410433","2018-06-30","76"
"USC00410433","2018-07-01","76"
"USC00410433","2018-07-02","73"
"USC00410433","2018-07-03","74"
"USC00410433","2018-07-04","76"
"USC00410433","2018-07-05","71"
"USC00410433","2018-07-06","74"
"USC00410433","2018-07-07","73"
"USC00410433","2018-07-08","70"
"USC00410433","2018-07-09","73"
"USC00410433","2018-07-10","72"
"USC00410433","2018-07-11","72"
"USC00410433","2018-07-12","73"
"USC00410433","2018-07-13","74"
"USC00410433","2018-07-14","75"
"USC00410433","2018-07-15","76"
"USC00410433","2018-07-16","75"
"USC00410433","2018-07-17","72"
"USC00410433","2018-07-18","76"
"USC00410433","2018-07-19","75"
"USC00410433","2018-07-20","75"
"USC00410433","2018-07-21","73"
"USC00410433","2018-07-22","74"
"USC00410433","2018-07-23","74"
"USC00410433","2018-07-24","84"
"USC00410433","2018-07-25","75"
"USC00410433","2018-07-26","72"
"USC00410433","2018-07-27","71"
"USC00410433","2018-07-28","72"
"USC00410433","2018-07-29","75"
"USC00410433","2018-07-30","76"
"USC00410433","2018-07-31","78"
"USC00410433","2018-08-01","72"
"USC00410433","2018-08-02","67"
"USC00410433","2018-08-03","70"
"USC00410433","2018-08-04","73"
"USC00410433","2018-08-05","75"
"USC00410433","2018-08-06","74"
"USC00410433","2018-08-07","75"
"USC00410433","2018-08-08","76"
"USC00410433","2018-08-09","74"
"USC00410433","2018-08-10","76"
"USC00410433","2018-08-11","73"
"USC00410433","2018-08-12","74"
"USC00410433","2018-08-13","77"
"USC00410433","2018-08-14","74"
"USC00410433","2018-08-15","76"
"USC00410433","2018-08-16","76"
"USC00410433","2018-08-17","74"
"USC00410433","2018-08-18","75"
"USC00410433","2018-08-19","75"
"USC00410433","2018-08-20","77"
"USC00410433","2018-08-21","76"
"USC00410433","2018-08-22","76"
"USC00410433","2018-08-23","75"
"USC00410433","2018-08-24","75"
"USC00410433","2018-08-25","77"
"USC00410433","2018-08-26","78"
"USC00410433","2018-08-27","77"
"USC00410433","2018-08-28","77"
"USC00410433","2018-08-29","76"
"USC00410433","2018-08-30","74"
"USC00410433","2018-08-31","70"
"USC00410433","2018-09-01","71"
"USC00410433","2018-09-02","75"
"USC00410433","2018-09-03","76"
"USC00410433","2018-09-04","74"
"USC00410433","2018-09-05","74"
"USC00410433","2018-09-06","73"
"USC00410433","2018-09-07","74"
"USC00410433","2018-09-08","71"
"USC00410433","2018-09-09","72"
"USC00410433","2018-09-10","69"
"USC00410433","2018-09-11","70"
"USC00410433","2018-09-12","72"
"USC00410433","2018-09-13","72"
"USC00410433","2018-09-14","72"
"USC00410433","2018-09-15","72"
"USC00410433","2018-09-16","72"
"USC00410433","2018-09-17","68"
"USC00410433","2018-09-18","70"
"USC00410433","2018-09-19","69"
"USC00410433","2018-09-20","76"
"USC00410433","2018-09-21","76"
"USC00410433","2018-09-22","72"
"USC00410433","2018-09-23","66"
"USC00410433","2018-09-24","68"
"USC00410433","2018-09-25","74"
"USC00410433","2018-09-26","73"
"USC00410433","2018-09-27","60"
"USC00410433","2018-09-28","61"
"USC00410433","2018-09-29","72"
"USC00410433","2018-09-30","70"
"USC00410433","2018-10-01","69"
"USC00410433","2018-10-02","72"
"USC00410433","2018-10-03","73"
"USC00410433","2018-10-04","72"
"USC00410433","2018-10-05","73"
"USC00410433","2018-10-06","74"
"USC00410433","2018-10-07","73"
"USC00410433","2018-10-08","73"
"USC00410433","2018-10-09","73"
"USC00410433","2018-10-10","64"
"USC00410433","2018-10-11","61"
"USC00410433","2018-10-12","68"
"USC00410433","2018-10-13","72"
"USC00410433","2018-10-14","66"
"USC00410433","2018-10-15","44"
"USC00410433","2018-10-16","46"
"USC00410433","2018-10-17","49"
"USC00410433","2018-10-18","52"
"USC00410433","2018-10-19","58"
"USC00410433","2018-10-20","60"
"USC00410433","2018-10-21","53"
"USC00410433","2018-10-22","53"
"USC00410433","2018-10-23","53"
"USC00410433","2018-10-24","55"
"USC00410433","2018-10-25","57"
"USC00410433","2018-10-26","52"
"USC00410433","2018-10-27","56"
"USC00410433","2018-10-28","55"
"USC00410433","2018-10-29","59"
"USC00410433","2018-10-30","66"
"USC00410433","2018-10-31","70"
"USC00410433","2018-11-01","50"
"USC00410433","2018-11-02","44"
"USC00410433","2018-11-03","56"
"USC00410433","2018-11-04","53"
"USC00410433","2018-11-05","61"
"USC00410433","2018-11-06","63"
"USC00410433","2018-11-07","71"
"USC00410433","2018-11-08","56"
"USC00410433","2018-11-09","47"
"USC00410433","2018-11-10","45"
"USC00410433","2018-11-11","46"
"USC00410433","2018-11-12","47"
"USC00410433","2018-11-13","33"
"USC00410433","2018-11-14","27"
"USC00410433","2018-11-15","31"
"USC00410433","2018-11-16","37"
"USC00410433","2018-11-17","43"
"USC00410433","2018-11-18","48"
"USC00410433","2018-11-19","42"
"USC00410433","2018-11-20","40"
"USC00410433","2018-11-21","41"
"USC00410433","2018-11-22","48"
"USC00410433","2018-11-23","54"
"USC00410433","2018-11-24","44"
"USC00410433","2018-11-25","58"
"USC00410433","2018-11-26","40"
"USC00410433","2018-11-27","30"
"USC00410433","2018-11-28","42"
"USC00410433","2018-11-29","55"
"USC00410433","2018-11-30","64"
"USC00410433","2018-12-01","50"
"USC00410433","2018-12-02","47"
"USC00410433","2018-12-03","46"
"USC00410433","2018-12-04","37"
"USC00410433","2018-12-05","34"
"USC00410433","2018-12-06","50"
"USC00410433","2018-12-07","49"
"USC00410433","2018-12-08","42"
"USC00410433","2018-12-09","38"
"USC00410433","2018-12-10","34"
"USC00410433","2018-12-11","34"
"USC00410433","2018-12-12","52"
"USC00410433","2018-12-13","56"
"USC00410433","2018-12-14","41"
"USC00410433","2018-12-15","39"
"USC00410433","2018-12-16","40"
"USC00410433","2018-12-17","49"
"USC00410433","2018-12-18","46"
"USC00410433","2018-12-19","55"
"USC00410433","2018-12-20","49"
"USC00410433","2018-12-21","37"
"USC00410433","2018-12-22","45"
"USC00410433","2018-12-23","47"
"USC00410433","2018-12-24","36"
"USC00410433","2018-12-25","59"
"USC00410433","2018-12-26","61"
"USC00410433","2018-12-27","49"
"USC00410433","2018-12-28","38"
"USC00410433","2018-12-29","40"
"USC00410433","2018-12-30","37"
"USC00410433","2018-12-31","40"
"USC00410433","2019-01-01","38"
"USC00410433","2019-01-02","35"
"USC00410433","2019-01-03","36"
"USC00410433","2019-01-04","33"
"USC00410433","2019-01-05","39"
"USC00410433","2019-01-06","42"
"USC00410433","2019-01-07","62"
"USC00410433","2019-01-08","55"
"USC00410433","2019-01-09","49"
"USC00410433","2019-01-10","46"
"USC00410433","2019-01-11","49"
"USC00410433","2019-01-12","52"
"USC00410433","2019-01-13","36"
"USC00410433","2019-01-14","36"
"USC00410433","2019-01-15","44"
"USC00410433","2019-01-16","49"
"USC00410433","2019-01-17","52"
"USC00410433","2019-01-18","52"
"USC00410433","2019-01-19","44"
"USC00410433","2019-01-20","31"
"USC00410433","2019-01-21","35"
"USC00410433","2019-01-22","56"
"USC00410433","2019-01-23","34"
"USC00410433","2019-01-24","30"
"USC00410433","2019-01-25","42"
"USC00410433","2019-01-26","41"
"USC00410433","2019-01-27","47"
"USC00410433","2019-01-28","45"
"USC00410433","2019-01-29","34"
"USC00410433","2019-01-30","36"
"USC00410433","2019-01-31","45"
"USC00410433","2019-02-01","55"
"USC00410433","2019-02-02","58"
"USC00410433","2019-02-03","60"
"USC00410433","2019-02-04","64"
"USC00410433","2019-02-05","66"
"USC00410433","2019-02-06","67"
"USC00410433","2019-02-07","70"
"USC00410433","2019-02-08","32"
"USC00410433","2019-02-09","33"
"USC00410433","2019-02-10","38"
"USC00410433","2019-02-11","51"
"USC00410433","2019-02-12","45"
"USC00410433","2019-02-13","29"
"USC00410433","2019-02-14","52"
"USC00410433","2019-02-15","53"
"USC00410433","2019-02-16","42"
"USC00410433","2019-02-17","55"
"USC00410433","2019-02-18","42"
"USC00410433","2019-02-19","39"
"USC00410433","2019-02-20","38"
"USC00410433","2019-02-21","49"
"USC00410433","2019-02-22","49"
"USC00410433","2019-02-23","58"
"USC00410433","2019-02-24","42"
"USC00410433","2019-02-25","44"
"USC00410433","2019-02-26","53"
"USC00410433","2019-02-27","59"
"USC00410433","2019-02-28","38"
"USC00410433","2019-03-01","41"
"USC00410433","2019-03-02","46"
"USC00410433","2019-03-03","43"
"USC00410433","2019-03-04","27"
"USC00410433","2019-03-05","24"
"USC00410433","2019-03-06","26"
"USC00410433","2019-03-07","51"
"USC00410433","2019-03-08","65"
"USC00410433","2019-03-09","67"
"USC00410433","2019-03-10","60"
"USC00410433","2019-03-11","54"
"USC00410433","2019-03-12","57"
"USC00410433","2019-03-13","54"
"USC00410433","2019-03-14","61"
"USC00410433","2019-03-15","47"
"USC00410433","2019-03-16","46"
"USC00410433","2019-03-17","45"
"USC00410433","2019-03-18","43"
"USC00410433","2019-03-19","49"
"USC00410433","2019-03-20","54"
"USC00410433","2019-03-21","46"
"USC00410433","2019-03-22","49"
"USC00410433","2019-03-23","61"
"USC00410433","2019-03-24","64"
"USC00410433","2019-03-25","67"
"USC00410433","2019-03-26","54"
"USC00410433","2019-03-27","48"
"USC00410433","2019-03-28","57"
"USC00410433","2019-03-29","61"
"USC00410433","2019-03-30","63"
"USC00410433","2019-03-31","44"
"USC00410433","2019-04-01","44"
"USC00410433","2019-04-02","37"
"USC00410433","2019-04-03","55"
"USC00410433","2019-04-04","65"
"USC00410433","2019-04-05","63"
"USC00410433","2019-04-06","68"
"USC00410433","2019-04-07","67"
"USC00410433","2019-04-08","59"
"USC00410433","2019-04-09","56"
"USC00410433","2019-04-10","62"
"USC00410433","2019-04-11","60"
"USC00410433","2019-04-12","52"
"USC00410433","2019-04-13","62"
"USC00410433","2019-04-14","45"
"USC00410433","2019-04-15","53"
"USC00410433","2019-04-16","63"
"USC00410433","2019-04-17","68"
"USC00410433","2019-04-18","58"
"USC00410433","2019-04-19","55"
"USC00410433","2019-04-20","46"
"USC00410433","2019-04-21","57"
"USC00410433","2019-04-22","65"
"USC00410433","2019-04-23","67"
"USC00410433","2019-04-24","60"
"USC00410433","2019-04-25","55"
"USC00410433","2019-04-26","61"
"USC00410433","2019-04-27","59"
"USC00410433","2019-04-28","65"
"USC00410433","2019-04-29","68"
"USC00410433","2019-04-30","73"
"USC00410433","2019-05-01","72"
"USC00410433","2019-05-02","61"
"USC00410433","2019-05-03","64"
"USC00410433","2019-05-04","58"
"USC00410433","2019-05-05","58"
"USC00410433","2019-05-06","66"
"USC00410433","2019-05-07","69"
"USC00410433","2019-05-08","69"
"USC00410433","2019-05-09","72"
"USC00410433","2019-05-10","53"
"USC00410433","2019-05-11","55"
"USC00410433","2019-05-12","57"
"USC00410433","2019-05-13","54"
"USC00410433","2019-05-14","60"
"USC00410433","2019-05-15","62"
"USC00410433","2019-05-16","66"
"USC00410433","2019-05-17","71"
"USC00410433","2019-05-18","75"
"USC00410433","2019-05-19","74"
"USC00410433","2019-05-20","75"
"USC00410433","2019-05-21","76"
"USC00410433","2019-05-22","76"
"USC00410433","2019-05-23","74"
"USC00410433","2019-05-24","75"
"USC00410433","2019-05-25","74"
"USC00410433","2019-05-26","73"
"USC00410433","2019-05-27","72"
"USC00410433","2019-05-28","73"
"USC00410433","2019-05-29","76"
"USC00410433","2019-05-30","70"
"USC00410433","2019-05-31","72"
"USC00410433","2019-06-01","74"
"USC00410433","2019-06-02","73"
"USC00410433","2019-06-03","72"
"USC00410433","2019-06-04","74"
"USC00410433","2019-06-05","73"
"USC00410433","2019-06-06","65"
"USC00410433","2019-06-07","69"
"USC00410433","2019-06-08","68"
"USC00410433","2019-06-09","71"
"USC00410433","2019-06-10","73"
"USC00410433","2019-06-11","68"
"USC00410433","2019-06-12","65"
"USC00410433","2019-06-13","67"
"USC00410433","2019-06-14","68"
"USC00410433","2019-06-15","76"
"USC00410433","2019-06-16","75"
"USC00410433","2019-06-17","67"
"USC00410433","2019-06-18","69"
"USC00410433","2019-06-19","76"
"USC00410433","2019-06-20","78"
"USC00410433","2019-06-21","78"
"USC00410433","2019-06-22","73"
"USC00410433","2019-06-23","78"
"USC00410433","2019-06-24","68"
"USC00410433","2019-06-25","66"
"USC00410433","2019-06-26","71"
"USC00410433","2019-06-27","75"
"USC00410433","2019-06-28","73"
"USC00410433","2019-06-29","69"
"USC00410433","2019-06-30","69"
"USC00410433","2019-07-01","72"
"USC00410433","2019-07-02","75"
"USC00410433","2019-07-03","73"
"USC00410433","2019-07-04","74"
"USC00410433","2019-07-05","77"
"USC00410433","2019-07-06","75"
"USC00410433","2019-07-07","76"
"USC00410433","2019-07-08","75"
"USC00410433","2019-07-09","75"
"USC00410433","2019-07-10","77"
"USC00410433","2019-07-11","73"
"USC00410433","2019-07-12","75"
"USC00410433","2019-07-13","74"
"USC00410433","2019-07-14","76"
"USC00410433","2019-07-15","73"
"USC00410433","2019-07-16","77"
"USC00410433","2019-07-17","77"
"USC00410433","2019-07-18","76"
"USC00410433","2019-07-19","75"
"USC00410433","2019-07-20","76"
"USC00410433","2019-07-21","74"
"USC00410433","2019-07-22","75"
"USC00410433","2019-07-23","77"
"USC00410433","2019-07-24","72"
"USC00410433","2019-07-25","61"
"USC00410433","2019-07-26","64"
"USC00410433","2019-07-27","67"
"USC00410433","2019-07-28","76"
"USC00410433","2019-07-29","75"
"USC00410433","2019-07-30","76"
"USC00410433","2019-07-31","75"
"USC00410433","2019-08-01","74"
"USC00410433","2019-08-02","75"
"USC00410433","2019-08-03","77"
"USC00410433","2019-08-04","73"
"USC00410433","2019-08-05","74"
"USC00410433","2019-08-06","76"
"USC00410433","2019-08-07","77"
"USC00410433","2019-08-08","77"
"USC00410433","2019-08-09","78"
"USC00410433","2019-08-10","77"
"USC00410433","2019-08-11","77"
"USC00410433","2019-08-12","77"
"USC00410433","2019-08-13","78"
"USC00410433","2019-08-14","76"
"USC00410433","2019-08-15","75"
"USC00410433","2019-08-16","76"
"USC00410433","2019-08-17","78"
"USC00410433","2019-08-18","78"
"USC00410433","2019-08-19","77"
"USC00410433","2019-08-20","77"
"USC00410433","2019-08-21","76"
"USC00410433","2019-08-22","76"
"USC00410433","2019-08-23","77"
"USC00410433","2019-08-24","75"
"USC00410433","2019-08-25","72"
"USC00410433","2019-08-26","78"
"USC00410433","2019-08-27","78"
"USC00410433","2019-08-28","74"
"USC00410433","2019-08-29","74"
"USC00410433","2019-08-30","77"
"USC00410433","2019-08-31","73"
"USC00410433","2019-09-01","74"
"USC00410433","2019-09-02","72"
"USC00410433","2019-09-03","69"
"USC00410433","2019-09-04","72"
"USC00410433","2019-09-05","70"
"USC00410433","2019-09-06","72"
"USC00410433","2019-09-07","75"
"USC00410433","2019-09-08","74"
"USC00410433","2019-09-09","76"
"USC00410433","2019-09-10","75"
"USC00410433","2019-09-11","74"
"USC00410433","2019-09-12","70"
"USC00410433","2019-09-13","71"
"USC00410433","2019-09-14","71"
"USC00410433","2019-09-15","69"
"USC00410433","2019-09-16","72"
"USC00410433","2019-09-17","74"
"USC00410433","2019-09-18","72"
"USC00410433","2019-09-19","74"
"USC00410433","2019-09-20","77"
"USC00410433","2019-09-21","77"
"USC00410433","2019-09-22","76"
"USC00410433","2019-09-23","77"
"USC00410433","2019-09-24","76"
"USC00410433","2019-09-25","73"
"USC00410433","2019-09-26","73"
"USC00410433","2019-09-27","74"
"USC00410433","2019-09-28","77"
"USC00410433","2019-09-29","76"
"USC00410433","2019-09-30","77"
"USC00410433","2019-10-01","76"
"USC00410433","2019-10-02","75"
"USC00410433","2019-10-03","72"
"USC00410433","2019-10-04","71"
"USC00410433","2019-10-05","68"
"USC00410433","2019-10-06","68"
"USC00410433","2019-10-07","66"
"USC00410433","2019-10-08","59"
"USC00410433","2019-10-09","70"
"USC00410433","2019-10-10","76"
"USC00410433","2019-10-11","50"
"USC00410433","2019-10-12","51"
"USC00410433","2019-10-13","54"
"USC00410433","2019-10-14","66"
"USC00410433","2019-10-15","75"
"USC00410433","2019-10-16","62"
"USC00410433","2019-10-17","55"
"USC00410433","2019-10-18","48"
"USC00410433","2019-10-19","67"
"USC00410433","2019-10-20","65"
"USC00410433","2019-10-21","59"
"USC00410433","2019-10-22","50"
"USC00410433","2019-10-23","53"
"USC00410433","2019-10-24","63"
"USC00410433","2019-10-25","42"
"USC00410433","2019-10-26","42"
"USC00410433","2019-10-27","41"
"USC00410433","2019-10-28","55"
"USC00410433","2019-10-29","51"
"USC00410433","2019-10-30","44"
"USC00410433","2019-10-31","33"
"USC00410433","2019-11-01","28"
"USC00410433","2019-11-02","41"
"USC00410433","2019-11-03","40"
"USC00410433","2019-11-04","52"
"USC00410433","2019-11-05","65"
"USC00410433","2019-11-06","68"
"USC00410433","2019-11-07","61"
"USC00410433","2019-11-08","42"
"USC00410433","2019-11-09","39"
"USC00410433","2019-11-10","46"
"USC00410433","2019-11-11","64"
"USC00410433","2019-11-12","28"
"USC00410433","2019-11-13","29"
"USC00410433","2019-11-14","39"
"USC00410433","2019-11-15","35"
"USC00410433","2019-11-16","31"
"USC00410433","2019-11-17","41"
"USC00410433","2019-11-18","43"
"USC00410433","2019-11-19","48"
"USC00410433","2019-11-20","63"
"USC00410433","2019-11-21","67"
"USC00410433","2019-11-22","54"
"USC00410433","2019-11-23","38"
"USC00410433","2019-11-24","41"
"USC00410433","2019-11-25","48"
"USC00410433","2019-11-26","64"
"USC00410433","2019-11-27","49"
"USC00410433","2019-11-28","48"
"USC00410433","2019-11-29","50"
"USC00410433","2019-11-30","71"
"USC00410433","2019-12-01","47"
"USC00410433","2019-12-02","41"
"USC00410433","2019-12-03","38"
"USC00410433","2019-12-04","48"
"USC00410433","2019-12-05","52"
"USC00410433","2019-12-06","56"
"USC00410433","2019-12-07","44"
"USC00410433","2019-12-08","51"
"USC00410433","2019-12-09","64"
"USC00410433","2019-12-10","40"
"USC00410433","2019-12-11","38"
"USC00410433","2019-12-12","35"
"USC00410433","2019-12-13","41"
"USC00410433","2019-12-14","42"
"USC00410433","2019-12-15","51"
"USC00410433","2019-12-16","46"
"USC00410433","2019-12-17","33"
"USC00410433","2019-12-18","30"
"USC00410433","2019-12-19","30"
"USC00410433","2019-12-20","47"
"USC00410433","2019-12-21","48"
"USC00410433","2019-12-22","34"
"USC00410433","2019-12-23","34"
"USC00410433","2019-12-24","38"
"USC00410433","2019-12-25","52"
"USC00410433","2019-12-26","53"
"USC00410433","2019-12-27","53"
"USC00410433","2019-12-28","53"
"USC00410433","2019-12-29","49"
"USC00410433","2019-12-30","38"
"USC00410433","2019-12-31","36"
"USC00410433","2020-01-01","48"
"USC00410433","2020-01-02","49"
"USC00410433","2020-01-03","48"
"USC00410433","2020-01-04","41"
"USC00410433","2020-01-05","42"
"USC00410433","2020-01-06","41"
"USC00410433","2020-01-07","43"
"USC00410433","2020-01-08","35"
"USC00410433","2020-01-09","61"
"USC00410433","2020-01-10","68"
"USC00410433","2020-01-11","42"
"USC00410433","2020-01-12","33"
"USC00410433","2020-01-13","52"
"USC00410433","2020-01-14","59"
"USC00410433","2020-01-15","67"
"USC00410433","2020-01-16","62"
"USC00410433","2020-01-17","51"
"USC00410433","2020-01-18","61"
"USC00410433","2020-01-19","38"
"USC00410433","2020-01-20","35"
"USC00410433","2020-01-21","42"
"USC00410433","2020-01-22","46"
"USC00410433","2020-01-23","49"
"USC00410433","2020-01-24","41"
"USC00410433","2020-01-25","41"
"USC00410433","2020-01-26","54"
"USC00410433","2020-01-27","44"
"USC00410433","2020-01-28","53"
"USC00410433","2020-01-29","42"
"USC00410433","2020-01-30","41"
"USC00410433","2020-01-31","43"
"USC00410433","2020-02-01","39"
"USC00410433","2020-02-02","47"
"USC00410433","2020-02-03","56"
"USC00410433","2020-02-04","62"
"USC00410433","2020-02-05","35"
"USC00410433","2020-02-06","28"
"USC00410433","2020-02-07","34"
"USC00410433","2020-02-08","44"
"USC00410433","2020-02-09","62"
"USC00410433","2020-02-10","67"
"USC00410433","2020-02-11","41"
"USC00410433","2020-02-12","42"
"USC00410433","2020-02-13","36"
"USC00410433","2020-02-14","32"
"USC00410433","2020-02-15","37"
"USC00410433","2020-02-16","54"
"USC00410433","2020-02-17","63"
"USC00410433","2020-02-18","66"
"USC00410433","2020-02-19","46"
"USC00410433","2020-02-20","42"
"USC00410433","2020-02-21","33"
"USC00410433","2020-02-22","44"
"USC00410433","2020-02-23","52"
"USC00410433","2020-02-24","61"
"USC00410433","2020-02-25","47"
"USC00410433","2020-02-26","38"
"USC00410433","2020-02-27","29"
"USC00410433","2020-02-28","35"
"USC00410433","2020-02-29","42"
"USC00410433","2020-03-01","57"
"USC00410433","2020-03-02","63"
"USC00410433","2020-03-03","62"
"USC00410433","2020-03-04","63"
"USC00410433","2020-03-05","45"
"USC00410433","2020-03-06","49"
"USC00410433","2020-03-07","45"
"USC00410433","2020-03-08","51"
"USC00410433","2020-03-09","62"
"USC00410433","2020-03-10","57"
"USC00410433","2020-03-11","62"
"USC00410433","2020-03-12","66"
"USC00410433","2020-03-13","67"
"USC00410433","2020-03-14","69"
"USC00410433","2020-03-15","58"
"USC00410433","2020-03-16","58"
"USC00410433","2020-03-17","67"
"USC00410433","2020-03-18","68"
"USC00410433","2020-03-19","69"
"USC00410433","2020-03-20","55"
"USC00410433","2020-03-21","46"
"USC00410433","2020-03-22","55"
"USC00410433","2020-03-23","64"
"USC00410433","2020-03-24","66"
"USC00410433","2020-03-25","55"
"USC00410433","2020-03-26","66"
"USC00410433","2020-03-27","69"
"USC00410433","2020-03-28","71"
"USC00410433","2020-03-29","48"
"USC00410433","2020-03-30","63"
"USC00410433","2020-03-31","56"
"USC00410433","2020-04-01","48"
"USC00410433","2020-04-02","61"
"USC00410433","2020-04-03","66"
"USC00410433","2020-04-04","43"
"USC00410433","2020-04-05","49"
"USC00410433","2020-04-06","59"
"USC00410433","2020-04-07","68"
"USC00410433","2020-04-08","72"
"USC00410433","2020-04-09","71"
"USC00410433","2020-04-10","60"
"USC00410433","2020-04-11","60"
"USC00410433","2020-04-12","71"
"USC00410433","2020-04-13","42"
"USC00410433","2020-04-14","44"
"USC00410433","2020-04-15","39"
"USC00410433","2020-04-16","45"
"USC00410433","2020-04-17","61"
"USC00410433","2020-04-18","53"
"USC00410433","2020-04-19","60"
"USC00410433","2020-04-20","62"
"USC00410433","2020-04-21","65"
"USC00410433","2020-04-22","69"
"USC00410433","2020-04-23","57"
"USC00410433","2020-04-24","59"
"USC00410433","2020-04-25","60"
"USC00410433","2020-04-26","51"
"USC00410433","2020-04-27","61"
"USC00410433","2020-04-28","71"
"USC00410433","2020-04-29","62"
"USC00410433","2020-04-30","54"
"USC00410433","2020-05-01","61"
"USC00410433","2020-05-02","67"
"USC00410433","2020-05-03","68"
"USC00410433","2020-05-04","70"
"USC00410433","2020-05-05","73"
"USC00410433","2020-05-06","63"
"USC00410433","2020-05-07","55"
"USC00410433","2020-05-08","72"
"USC00410433","2020-05-09","58"
"USC00410433","2020-05-10","51"
"USC00410433","2020-05-11","54"
"USC00410433","2020-05-12","69"
"USC00410433","2020-05-13","64"
"USC00410433","2020-05-14","71"
"USC00410433","2020-05-15","71"
"USC00410433","2020-05-16","61"
"USC00410433","2020-05-17","63"
"USC00410433","2020-05-18","62"
"USC00410433","2020-05-19","66"
"USC00410433","2020-05-20","73"
"USC00410433","2020-05-21","68"
"USC00410433","2020-05-22","73"
"USC00410433","2020-05-23","76"
"USC00410433","2020-05-24","75"
"USC00410433","2020-05-25","65"
"USC00410433","2020-05-26","63"
"USC00410433","2020-05-27","60"
"USC00410433","2020-05-28","60"
"USC00410433","2020-05-29","68"
"USC00410433","2020-05-30","65"
"USC00410433","2020-05-31","72"
