"STATION","DATE","TAVG"
"USW00013904","2013-05-01","74"
"USW00013904","2013-05-02","65"
"USW00013904","2013-05-03","54"
"USW00013904","2013-05-04","59"
"USW00013904","2013-05-05","62"
"USW00013904","2013-05-06","61"
"USW00013904","2013-05-07","64"
"USW00013904","2013-05-08","73"
"USW00013904","2013-05-09","74"
"USW00013904","2013-05-10","72"
"USW00013904","2013-05-11","71"
"USW00013904","2013-05-12","67"
"USW00013904","2013-05-13","67"
"USW00013904","2013-05-14","71"
"USW00013904","2013-05-15","76"
"USW00013904","2013-05-16","79"
"USW00013904","2013-05-17","81"
"USW00013904","2013-05-18","81"
"USW00013904","2013-05-19","81"
"USW00013904","2013-05-20","81"
"USW00013904","2013-05-21","81"
"USW00013904","2013-05-22","75"
"USW00013904","2013-05-23","81"
"USW00013904","2013-05-24","78"
"USW00013904","2013-05-25","73"
"USW00013904","2013-05-26","77"
"USW00013904","2013-05-27","78"
"USW00013904","2013-05-28","80"
"USW00013904","2013-05-29","80"
"USW00013904","2013-05-30","81"
"USW00013904","2013-05-31","83"
"USW00013904","2013-06-01","84"
"USW00013904","2013-06-02","80"
"USW00013904","2013-06-03","76"
"USW00013904","2013-06-04","79"
"USW00013904","2013-06-05","80"
"USW00013904","2013-06-06","81"
"USW00013904","2013-06-07","78"
"USW00013904","2013-06-08","75"
"USW00013904","2013-06-09","80"
"USW00013904","2013-06-10","80"
"USW00013904","2013-06-11","82"
"USW00013904","2013-06-12","81"
"USW00013904","2013-06-13","82"
"USW00013904","2013-06-14","81"
"USW00013904","2013-06-15","83"
"USW00013904","2013-06-16","84"
"USW00013904","2013-06-17","87"
"USW00013904","2013-06-18","84"
"USW00013904","2013-06-19","85"
"USW00013904","2013-06-20","86"
"USW00013904","2013-06-21","86"
"USW00013904","2013-06-22","86"
"USW00013904","2013-06-23","86"
"USW00013904","2013-06-24","86"
"USW00013904","2013-06-25","87"
"USW00013904","2013-06-26","87"
"USW00013904","2013-06-27","88"
"USW00013904","2013-06-28","89"
"USW00013904","2013-06-29","91"
"USW00013904","2013-06-30","86"
"USW00013904","2013-07-01","83"
"USW00013904","2013-07-02","78"
"USW00013904","2013-07-03","80"
"USW00013904","2013-07-04","80"
"USW00013904","2013-07-05","83"
"USW00013904","2013-07-06","84"
"USW00013904","2013-07-07","86"
"USW00013904","2013-07-08","82"
"USW00013904","2013-07-09","85"
"USW00013904","2013-07-10","86"
"USW00013904","2013-07-11","87"
"USW00013904","2013-07-12","88"
"USW00013904","2013-07-13","89"
"USW00013904","2013-07-14","88"
"USW00013904","2013-07-15","77"
"USW00013904","2013-07-16","79"
"USW00013904","2013-07-17","79"
"USW00013904","2013-07-18","80"
"USW00013904","2013-07-19","81"
"USW00013904","2013-07-20","82"
"USW00013904","2013-07-21","81"
"USW00013904","2013-07-22","84"
"USW00013904","2013-07-23","87"
"USW00013904","2013-07-24","86"
"USW00013904","2013-07-25","85"
"USW00013904","2013-07-26","87"
"USW00013904","2013-07-27","83"
"USW00013904","2013-07-28","83"
"USW00013904","2013-07-29","87"
"USW00013904","2013-07-30","87"
"USW00013904","2013-07-31","87"
"USW00013904","2013-08-01","88"
"USW00013904","2013-08-02","88"
"USW00013904","2013-08-03","88"
"USW00013904","2013-08-04","88"
"USW00013904","2013-08-05","88"
"USW00013904","2013-08-06","89"
"USW00013904","2013-08-07","89"
"USW00013904","2013-08-08","90"
"USW00013904","2013-08-09","87"
"USW00013904","2013-08-10","89"
"USW00013904","2013-08-11","85"
"USW00013904","2013-08-12","85"
"USW00013904","2013-08-13","88"
"USW00013904","2013-08-14","88"
"USW00013904","2013-08-15","84"
"USW00013904","2013-08-16","81"
"USW00013904","2013-08-17","81"
"USW00013904","2013-08-18","80"
"USW00013904","2013-08-19","81"
"USW00013904","2013-08-20","82"
"USW00013904","2013-08-21","82"
"USW00013904","2013-08-22","83"
"USW00013904","2013-08-23","84"
"USW00013904","2013-08-24","86"
"USW00013904","2013-08-25","83"
"USW00013904","2013-08-26","83"
"USW00013904","2013-08-27","78"
"USW00013904","2013-08-28","80"
"USW00013904","2013-08-29","85"
"USW00013904","2013-08-30","87"
"USW00013904","2013-08-31","88"
"USW00013904","2013-09-01","87"
"USW00013904","2013-09-02","87"
"USW00013904","2013-09-03","87"
"USW00013904","2013-09-04","88"
"USW00013904","2013-09-05","81"
"USW00013904","2013-09-06","83"
"USW00013904","2013-09-07","82"
"USW00013904","2013-09-08","78"
"USW00013904","2013-09-09","78"
"USW00013904","2013-09-10","77"
"USW00013904","2013-09-11","80"
"USW00013904","2013-09-12","81"
"USW00013904","2013-09-13","82"
"USW00013904","2013-09-14","81"
"USW00013904","2013-09-15","82"
"USW00013904","2013-09-16","81"
"USW00013904","2013-09-17","80"
"USW00013904","2013-09-18","81"
"USW00013904","2013-09-19","81"
"USW00013904","2013-09-20","78"
"USW00013904","2013-09-21","74"
"USW00013904","2013-09-22","69"
"USW00013904","2013-09-23","70"
"USW00013904","2013-09-24","76"
"USW00013904","2013-09-25","78"
"USW00013904","2013-09-26","77"
"USW00013904","2013-09-27","82"
"USW00013904","2013-09-28","82"
"USW00013904","2013-09-29","73"
"USW00013904","2013-09-30","73"
"USW00013904","2013-10-01","75"
"USW00013904","2013-10-02","80"
"USW00013904","2013-10-03","81"
"USW00013904","2013-10-04","80"
"USW00013904","2013-10-05","79"
"USW00013904","2013-10-06","67"
"USW00013904","2013-10-07","63"
"USW00013904","2013-10-08","65"
"USW00013904","2013-10-09","65"
"USW00013904","2013-10-10","70"
"USW00013904","2013-10-11","77"
"USW00013904","2013-10-12","81"
"USW00013904","2013-10-13","74"
"USW00013904","2013-10-14","74"
"USW00013904","2013-10-15","76"
"USW00013904","2013-10-16","61"
"USW00013904","2013-10-17","62"
"USW00013904","2013-10-18","62"
"USW00013904","2013-10-19","62"
"USW00013904","2013-10-20","55"
"USW00013904","2013-10-21","65"
"USW00013904","2013-10-22","65"
"USW00013904","2013-10-23","61"
"USW00013904","2013-10-24","62"
"USW00013904","2013-10-25","62"
"USW00013904","2013-10-26","68"
"USW00013904","2013-10-27","68"
"USW00013904","2013-10-28","70"
"USW00013904","2013-10-29","75"
"USW00013904","2013-10-30","77"
"USW00013904","2013-10-31","75"
"USW00013904","2013-11-01","63"
"USW00013904","2013-11-02","66"
"USW00013904","2013-11-03","53"
"USW00013904","2013-11-04","62"
"USW00013904","2013-11-05","69"
"USW00013904","2013-11-06","67"
"USW00013904","2013-11-07","53"
"USW00013904","2013-11-08","56"
"USW00013904","2013-11-09","59"
"USW00013904","2013-11-10","64"
"USW00013904","2013-11-11","63"
"USW00013904","2013-11-12","56"
"USW00013904","2013-11-13","45"
"USW00013904","2013-11-14","42"
"USW00013904","2013-11-15","59"
"USW00013904","2013-11-16","69"
"USW00013904","2013-11-17","77"
"USW00013904","2013-11-18","67"
"USW00013904","2013-11-19","64"
"USW00013904","2013-11-20","62"
"USW00013904","2013-11-21","72"
"USW00013904","2013-11-22","54"
"USW00013904","2013-11-23","38"
"USW00013904","2013-11-24","41"
"USW00013904","2013-11-25","36"
"USW00013904","2013-11-26","42"
"USW00013904","2013-11-27","44"
"USW00013904","2013-11-28","38"
"USW00013904","2013-11-29","41"
"USW00013904","2013-11-30","55"
"USW00013904","2013-12-01","62"
"USW00013904","2013-12-02","65"
"USW00013904","2013-12-03","64"
"USW00013904","2013-12-04","63"
"USW00013904","2013-12-05","54"
"USW00013904","2013-12-06","35"
"USW00013904","2013-12-07","29"
"USW00013904","2013-12-08","33"
"USW00013904","2013-12-09","37"
"USW00013904","2013-12-10","36"
"USW00013904","2013-12-11","37"
"USW00013904","2013-12-12","42"
"USW00013904","2013-12-13","44"
"USW00013904","2013-12-14","48"
"USW00013904","2013-12-15","43"
"USW00013904","2013-12-16","43"
"USW00013904","2013-12-17","47"
"USW00013904","2013-12-18","48"
"USW00013904","2013-12-19","63"
"USW00013904","2013-12-20","69"
"USW00013904","2013-12-21","60"
"USW00013904","2013-12-22","46"
"USW00013904","2013-12-23","40"
"USW00013904","2013-12-24","39"
"USW00013904","2013-12-25","44"
"USW00013904","2013-12-26","47"
"USW00013904","2013-12-27","49"
"USW00013904","2013-12-28","46"
"USW00013904","2013-12-29","49"
"USW00013904","2013-12-30","38"
"USW00013904","2013-12-31","40"
"USW00013904","2014-01-01","45"
"USW00013904","2014-01-02","46"
"USW00013904","2014-01-03","36"
"USW00013904","2014-01-04","50"
"USW00013904","2014-01-05","52"
"USW00013904","2014-01-06","31"
"USW00013904","2014-01-07","29"
"USW00013904","2014-01-08","44"
"USW00013904","2014-01-09","55"
"USW00013904","2014-01-10","65"
"USW00013904","2014-01-11","60"
"USW00013904","2014-01-12","50"
"USW00013904","2014-01-13","63"
"USW00013904","2014-01-14","50"
"USW00013904","2014-01-15","53"
"USW00013904","2014-01-16","49"
"USW00013904","2014-01-17","50"
"USW00013904","2014-01-18","44"
"USW00013904","2014-01-19","50"
"USW00013904","2014-01-20","54"
"USW00013904","2014-01-21","58"
"USW00013904","2014-01-22","45"
"USW00013904","2014-01-23","45"
"USW00013904","2014-01-24","30"
"USW00013904","2014-01-25","37"
"USW00013904","2014-01-26","54"
"USW00013904","2014-01-27","49"
"USW00013904","2014-01-28","33"
"USW00013904","2014-01-29","33"
"USW00013904","2014-01-30","41"
"USW00013904","2014-01-31","62"
"USW00013904","2014-02-01","69"
"USW00013904","2014-02-02","49"
"USW00013904","2014-02-03","37"
"USW00013904","2014-02-04","46"
"USW00013904","2014-02-05","42"
"USW00013904","2014-02-06","30"
"USW00013904","2014-02-07","30"
"USW00013904","2014-02-08","41"
"USW00013904","2014-02-09","51"
"USW00013904","2014-02-10","47"
"USW00013904","2014-02-11","35"
"USW00013904","2014-02-12","39"
"USW00013904","2014-02-13","42"
"USW00013904","2014-02-14","58"
"USW00013904","2014-02-15","55"
"USW00013904","2014-02-16","62"
"USW00013904","2014-02-17","67"
"USW00013904","2014-02-18","63"
"USW00013904","2014-02-19","67"
"USW00013904","2014-02-20","71"
"USW00013904","2014-02-21","55"
"USW00013904","2014-02-22","54"
"USW00013904","2014-02-23","69"
"USW00013904","2014-02-24","63"
"USW00013904","2014-02-25","65"
"USW00013904","2014-02-26","45"
"USW00013904","2014-02-27","38"
"USW00013904","2014-02-28","52"
"USW00013904","2014-03-01","60"
"USW00013904","2014-03-02","61"
"USW00013904","2014-03-03","31"
"USW00013904","2014-03-04","36"
"USW00013904","2014-03-05","43"
"USW00013904","2014-03-06","50"
"USW00013904","2014-03-07","48"
"USW00013904","2014-03-08","56"
"USW00013904","2014-03-09","46"
"USW00013904","2014-03-10","57"
"USW00013904","2014-03-11","63"
"USW00013904","2014-03-12","61"
"USW00013904","2014-03-13","50"
"USW00013904","2014-03-14","56"
"USW00013904","2014-03-15","66"
"USW00013904","2014-03-16","61"
"USW00013904","2014-03-17","53"
"USW00013904","2014-03-18","58"
"USW00013904","2014-03-19","63"
"USW00013904","2014-03-20","55"
"USW00013904","2014-03-21","61"
"USW00013904","2014-03-22","69"
"USW00013904","2014-03-23","60"
"USW00013904","2014-03-24","54"
"USW00013904","2014-03-25","54"
"USW00013904","2014-03-26","58"
"USW00013904","2014-03-27","67"
"USW00013904","2014-03-28","74"
"USW00013904","2014-03-29","65"
"USW00013904","2014-03-30","59"
"USW00013904","2014-03-31","68"
"USW00013904","2014-04-01","74"
"USW00013904","2014-04-02","76"
"USW00013904","2014-04-03","76"
"USW00013904","2014-04-04","67"
"USW00013904","2014-04-05","58"
"USW00013904","2014-04-06","57"
"USW00013904","2014-04-07","58"
"USW00013904","2014-04-08","60"
"USW00013904","2014-04-09","59"
"USW00013904","2014-04-10","68"
"USW00013904","2014-04-11","70"
"USW00013904","2014-04-12","73"
"USW00013904","2014-04-13","73"
"USW00013904","2014-04-14","64"
"USW00013904","2014-04-15","51"
"USW00013904","2014-04-16","51"
"USW00013904","2014-04-17","60"
"USW00013904","2014-04-18","65"
"USW00013904","2014-04-19","64"
"USW00013904","2014-04-20","67"
"USW00013904","2014-04-21","71"
"USW00013904","2014-04-22","74"
"USW00013904","2014-04-23","70"
"USW00013904","2014-04-24","74"
"USW00013904","2014-04-25","72"
"USW00013904","2014-04-26","74"
"USW00013904","2014-04-27","80"
"USW00013904","2014-04-28","81"
"USW00013904","2014-04-29","71"
"USW00013904","2014-04-30","65"
"USW00013904","2014-05-01","61"
"USW00013904","2014-05-02","65"
"USW00013904","2014-05-03","72"
"USW00013904","2014-05-04","73"
"USW00013904","2014-05-05","72"
"USW00013904","2014-05-06","73"
"USW00013904","2014-05-07","76"
"USW00013904","2014-05-08","77"
"USW00013904","2014-05-09","77"
"USW00013904","2014-05-10","71"
"USW00013904","2014-05-11","80"
"USW00013904","2014-05-12","79"
"USW00013904","2014-05-13","64"
"USW00013904","2014-05-14","62"
"USW00013904","2014-05-15","62"
"USW00013904","2014-05-16","71"
"USW00013904","2014-05-17","71"
"USW00013904","2014-05-18","71"
"USW00013904","2014-05-19","74"
"USW00013904","2014-05-20","76"
"USW00013904","2014-05-21","78"
"USW00013904","2014-05-22","77"
"USW00013904","2014-05-23","76"
"USW00013904","2014-05-24","76"
"USW00013904","2014-05-25","78"
"USW00013904","2014-05-26","73"
"USW00013904","2014-05-27","67"
"USW00013904","2014-05-28","74"
"USW00013904","2014-05-29","75"
"USW00013904","2014-05-30","78"
"USW00013904","2014-05-31","80"
"USW00013904","2014-06-01","78"
"USW00013904","2014-06-02","80"
"USW00013904","2014-06-03","81"
"USW00013904","2014-06-04","80"
"USW00013904","2014-06-05","81"
"USW00013904","2014-06-06","81"
"USW00013904","2014-06-07","81"
"USW00013904","2014-06-08","82"
"USW00013904","2014-06-09","80"
"USW00013904","2014-06-10","77"
"USW00013904","2014-06-11","78"
"USW00013904","2014-06-12","84"
"USW00013904","2014-06-13","79"
"USW00013904","2014-06-14","80"
"USW00013904","2014-06-15","83"
"USW00013904","2014-06-16","83"
"USW00013904","2014-06-17","84"
"USW00013904","2014-06-18","83"
"USW00013904","2014-06-19","83"
"USW00013904","2014-06-20","81"
"USW00013904","2014-06-21","82"
"USW00013904","2014-06-22","82"
"USW00013904","2014-06-23","80"
"USW00013904","2014-06-24","81"
"USW00013904","2014-06-25","79"
"USW00013904","2014-06-26","77"
"USW00013904","2014-06-27","80"
"USW00013904","2014-06-28","83"
"USW00013904","2014-06-29","85"
"USW00013904","2014-06-30","85"
"USW00013904","2014-07-01","84"
"USW00013904","2014-07-02","82"
"USW00013904","2014-07-03","82"
"USW00013904","2014-07-04","77"
"USW00013904","2014-07-05","78"
"USW00013904","2014-07-06","79"
"USW00013904","2014-07-07","83"
"USW00013904","2014-07-08","83"
"USW00013904","2014-07-09","83"
"USW00013904","2014-07-10","81"
"USW00013904","2014-07-11","79"
"USW00013904","2014-07-12","81"
"USW00013904","2014-07-13","85"
"USW00013904","2014-07-14","85"
"USW00013904","2014-07-15","83"
"USW00013904","2014-07-16","81"
"USW00013904","2014-07-17","82"
"USW00013904","2014-07-18","77"
"USW00013904","2014-07-19","76"
"USW00013904","2014-07-20","81"
"USW00013904","2014-07-21","85"
"USW00013904","2014-07-22","85"
"USW00013904","2014-07-23","85"
"USW00013904","2014-07-24","83"
"USW00013904","2014-07-25","84"
"USW00013904","2014-07-26","86"
"USW00013904","2014-07-27","86"
"USW00013904","2014-07-28","86"
"USW00013904","2014-07-29","85"
"USW00013904","2014-07-30","83"
"USW00013904","2014-07-31","85"
"USW00013904","2014-08-01","83"
"USW00013904","2014-08-02","78"
"USW00013904","2014-08-03","79"
"USW00013904","2014-08-04","82"
"USW00013904","2014-08-05","82"
"USW00013904","2014-08-06","85"
"USW00013904","2014-08-07","87"
"USW00013904","2014-08-08","88"
"USW00013904","2014-08-09","87"
"USW00013904","2014-08-10","89"
"USW00013904","2014-08-11","87"
"USW00013904","2014-08-12","84"
"USW00013904","2014-08-13","83"
"USW00013904","2014-08-14","82"
"USW00013904","2014-08-15","86"
"USW00013904","2014-08-16","87"
"USW00013904","2014-08-17","88"
"USW00013904","2014-08-18","88"
"USW00013904","2014-08-19","86"
"USW00013904","2014-08-20","88"
"USW00013904","2014-08-21","89"
"USW00013904","2014-08-22","89"
"USW00013904","2014-08-23","86"
"USW00013904","2014-08-24","87"
"USW00013904","2014-08-25","87"
"USW00013904","2014-08-26","87"
"USW00013904","2014-08-27","84"
"USW00013904","2014-08-28","83"
"USW00013904","2014-08-29","83"
"USW00013904","2014-08-30","81"
"USW00013904","2014-08-31","83"
"USW00013904","2014-09-01","86"
"USW00013904","2014-09-02","85"
"USW00013904","2014-09-03","85"
"USW00013904","2014-09-04","82"
"USW00013904","2014-09-05","83"
"USW00013904","2014-09-06","82"
"USW00013904","2014-09-07","81"
"USW00013904","2014-09-08","80"
"USW00013904","2014-09-09","83"
"USW00013904","2014-09-10","86"
"USW00013904","2014-09-11","86"
"USW00013904","2014-09-12","83"
"USW00013904","2014-09-13","65"
"USW00013904","2014-09-14","68"
"USW00013904","2014-09-15","75"
"USW00013904","2014-09-16","82"
"USW00013904","2014-09-17","79"
"USW00013904","2014-09-18","80"
"USW00013904","2014-09-19","78"
"USW00013904","2014-09-20","79"
"USW00013904","2014-09-21","80"
"USW00013904","2014-09-22","78"
"USW00013904","2014-09-23","76"
"USW00013904","2014-09-24","70"
"USW00013904","2014-09-25","71"
"USW00013904","2014-09-26","74"
"USW00013904","2014-09-27","75"
"USW00013904","2014-09-28","72"
"USW00013904","2014-09-29","75"
"USW00013904","2014-09-30","75"
"USW00013904","2014-10-01","81"
"USW00013904","2014-10-02","84"
"USW00013904","2014-10-03","76"
"USW00013904","2014-10-04","65"
"USW00013904","2014-10-05","68"
"USW00013904","2014-10-06","78"
"USW00013904","2014-10-07","78"
"USW00013904","2014-10-08","80"
"USW00013904","2014-10-09","81"
"USW00013904","2014-10-10","81"
"USW00013904","2014-10-11","71"
"USW00013904","2014-10-12","65"
"USW00013904","2014-10-13","74"
"USW00013904","2014-10-14","65"
"USW00013904","2014-10-15","65"
"USW00013904","2014-10-16","67"
"USW00013904","2014-10-17","69"
"USW00013904","2014-10-18","71"
"USW00013904","2014-10-19","70"
"USW00013904","2014-10-20","68"
"USW00013904","2014-10-21","67"
"USW00013904","2014-10-22","67"
"USW00013904","2014-10-23","72"
"USW00013904","2014-10-24","68"
"USW00013904","2014-10-25","70"
"USW00013904","2014-10-26","69"
"USW00013904","2014-10-27","71"
"USW00013904","2014-10-28","71"
"USW00013904","2014-10-29","71"
"USW00013904","2014-10-30","67"
"USW00013904","2014-10-31","67"
"USW00013904","2014-11-01","55"
"USW00013904","2014-11-02","55"
"USW00013904","2014-11-03","66"
"USW00013904","2014-11-04","73"
"USW00013904","2014-11-05","58"
"USW00013904","2014-11-06","58"
"USW00013904","2014-11-07","59"
"USW00013904","2014-11-08","57"
"USW00013904","2014-11-09","57"
"USW00013904","2014-11-10","58"
"USW00013904","2014-11-11","59"
"USW00013904","2014-11-12","44"
"USW00013904","2014-11-13","38"
"USW00013904","2014-11-14","35"
"USW00013904","2014-11-15","43"
"USW00013904","2014-11-16","48"
"USW00013904","2014-11-17","40"
"USW00013904","2014-11-18","39"
"USW00013904","2014-11-19","43"
"USW00013904","2014-11-20","51"
"USW00013904","2014-11-21","65"
"USW00013904","2014-11-22","66"
"USW00013904","2014-11-23","65"
"USW00013904","2014-11-24","58"
"USW00013904","2014-11-25","48"
"USW00013904","2014-11-26","53"
"USW00013904","2014-11-27","51"
"USW00013904","2014-11-28","49"
"USW00013904","2014-11-29","61"
"USW00013904","2014-11-30","70"
"USW00013904","2014-12-01","57"
"USW00013904","2014-12-02","43"
"USW00013904","2014-12-03","51"
"USW00013904","2014-12-04","61"
"USW00013904","2014-12-05","67"
"USW00013904","2014-12-06","60"
"USW00013904","2014-12-07","54"
"USW00013904","2014-12-08","55"
"USW00013904","2014-12-09","51"
"USW00013904","2014-12-10","53"
"USW00013904","2014-12-11","59"
"USW00013904","2014-12-12","64"
"USW00013904","2014-12-13","58"
"USW00013904","2014-12-14","67"
"USW00013904","2014-12-15","68"
"USW00013904","2014-12-16","49"
"USW00013904","2014-12-17","52"
"USW00013904","2014-12-18","52"
"USW00013904","2014-12-19","52"
"USW00013904","2014-12-20","51"
"USW00013904","2014-12-21","52"
"USW00013904","2014-12-22","60"
"USW00013904","2014-12-23","54"
"USW00013904","2014-12-24","48"
"USW00013904","2014-12-25","43"
"USW00013904","2014-12-26","59"
"USW00013904","2014-12-27","56"
"USW00013904","2014-12-28","41"
"USW00013904","2014-12-29","40"
"USW00013904","2014-12-30","43"
"USW00013904","2014-12-31","40"
"USW00013904","2015-01-01","38"
"USW00013904","2015-01-02","40"
"USW00013904","2015-01-03","44"
"USW00013904","2015-01-04","43"
"USW00013904","2015-01-05","35"
"USW00013904","2015-01-06","45"
"USW00013904","2015-01-07","46"
"USW00013904","2015-01-08","30"
"USW00013904","2015-01-09","36"
"USW00013904","2015-01-10","35"
"USW00013904","2015-01-11","38"
"USW00013904","2015-01-12","45"
"USW00013904","2015-01-13","40"
"USW00013904","2015-01-14","39"
"USW00013904","2015-01-15","44"
"USW00013904","2015-01-16","44"
"USW00013904","2015-01-17","51"
"USW00013904","2015-01-18","56"
"USW00013904","2015-01-19","49"
"USW00013904","2015-01-20","53"
"USW00013904","2015-01-21","54"
"USW00013904","2015-01-22","49"
"USW00013904","2015-01-23","42"
"USW00013904","2015-01-24","43"
"USW00013904","2015-01-25","52"
"USW00013904","2015-01-26","54"
"USW00013904","2015-01-27","58"
"USW00013904","2015-01-28","57"
"USW00013904","2015-01-29","61"
"USW00013904","2015-01-30","55"
"USW00013904","2015-01-31","51"
"USW00013904","2015-02-01","64"
"USW00013904","2015-02-02","44"
"USW00013904","2015-02-03","41"
"USW00013904","2015-02-04","46"
"USW00013904","2015-02-05","46"
"USW00013904","2015-02-06","44"
"USW00013904","2015-02-07","50"
"USW00013904","2015-02-08","61"
"USW00013904","2015-02-09","62"
"USW00013904","2015-02-10","59"
"USW00013904","2015-02-11","60"
"USW00013904","2015-02-12","55"
"USW00013904","2015-02-13","49"
"USW00013904","2015-02-14","57"
"USW00013904","2015-02-15","59"
"USW00013904","2015-02-16","54"
"USW00013904","2015-02-17","40"
"USW00013904","2015-02-18","44"
"USW00013904","2015-02-19","48"
"USW00013904","2015-02-20","61"
"USW00013904","2015-02-21","69"
"USW00013904","2015-02-22","56"
"USW00013904","2015-02-23","36"
"USW00013904","2015-02-24","32"
"USW00013904","2015-02-25","41"
"USW00013904","2015-02-26","40"
"USW00013904","2015-02-27","36"
"USW00013904","2015-02-28","33"
"USW00013904","2015-03-01","37"
"USW00013904","2015-03-02","41"
"USW00013904","2015-03-03","45"
"USW00013904","2015-03-04","60"
"USW00013904","2015-03-05","38"
"USW00013904","2015-03-06","35"
"USW00013904","2015-03-07","47"
"USW00013904","2015-03-08","52"
"USW00013904","2015-03-09","50"
"USW00013904","2015-03-10","55"
"USW00013904","2015-03-11","56"
"USW00013904","2015-03-12","59"
"USW00013904","2015-03-13","61"
"USW00013904","2015-03-14","63"
"USW00013904","2015-03-15","58"
"USW00013904","2015-03-16","60"
"USW00013904","2015-03-17","66"
"USW00013904","2015-03-18","69"
"USW00013904","2015-03-19","69"
"USW00013904","2015-03-20","68"
"USW00013904","2015-03-21","58"
"USW00013904","2015-03-22","63"
"USW00013904","2015-03-23","62"
"USW00013904","2015-03-24","66"
"USW00013904","2015-03-25","69"
"USW00013904","2015-03-26","65"
"USW00013904","2015-03-27","60"
"USW00013904","2015-03-28","61"
"USW00013904","2015-03-29","66"
"USW00013904","2015-03-30","69"
"USW00013904","2015-03-31","71"
"USW00013904","2015-04-01","71"
"USW00013904","2015-04-02","73"
"USW00013904","2015-04-03","74"
"USW00013904","2015-04-04","64"
"USW00013904","2015-04-05","61"
"USW00013904","2015-04-06","70"
"USW00013904","2015-04-07","74"
"USW00013904","2015-04-08","73"
"USW00013904","2015-04-09","75"
"USW00013904","2015-04-10","66"
"USW00013904","2015-04-11","63"
"USW00013904","2015-04-12","70"
"USW00013904","2015-04-13","73"
"USW00013904","2015-04-14","68"
"USW00013904","2015-04-15","65"
"USW00013904","2015-04-16","70"
"USW00013904","2015-04-17","69"
"USW00013904","2015-04-18","68"
"USW00013904","2015-04-19","70"
"USW00013904","2015-04-20","65"
"USW00013904","2015-04-21","63"
"USW00013904","2015-04-22","71"
"USW00013904","2015-04-23","72"
"USW00013904","2015-04-24","75"
"USW00013904","2015-04-25","78"
"USW00013904","2015-04-26","75"
"USW00013904","2015-04-27","72"
"USW00013904","2015-04-28","63"
"USW00013904","2015-04-29","60"
"USW00013904","2015-04-30","62"
"USW00013904","2015-05-01","65"
"USW00013904","2015-05-02","67"
"USW00013904","2015-05-03","67"
"USW00013904","2015-05-04","72"
"USW00013904","2015-05-05","73"
"USW00013904","2015-05-06","76"
"USW00013904","2015-05-07","76"
"USW00013904","2015-05-08","76"
"USW00013904","2015-05-09","76"
"USW00013904","2015-05-10","79"
"USW00013904","2015-05-11","74"
"USW00013904","2015-05-12","68"
"USW00013904","2015-05-13","67"
"USW00013904","2015-05-14","72"
"USW00013904","2015-05-15","72"
"USW00013904","2015-05-16","73"
"USW00013904","2015-05-17","74"
"USW00013904","2015-05-18","77"
"USW00013904","2015-05-19","78"
"USW00013904","2015-05-20","78"
"USW00013904","2015-05-21","71"
"USW00013904","2015-05-22","67"
"USW00013904","2015-05-23","76"
"USW00013904","2015-05-24","70"
"USW00013904","2015-05-25","74"
"USW00013904","2015-05-26","73"
"USW00013904","2015-05-27","76"
"USW00013904","2015-05-28","78"
"USW00013904","2015-05-29","75"
"USW00013904","2015-05-30","76"
"USW00013904","2015-05-31","72"
"USW00013904","2015-06-01","74"
"USW00013904","2015-06-02","76"
"USW00013904","2015-06-03","76"
"USW00013904","2015-06-04","77"
"USW00013904","2015-06-05","77"
"USW00013904","2015-06-06","78"
"USW00013904","2015-06-07","78"
"USW00013904","2015-06-08","79"
"USW00013904","2015-06-09","81"
"USW00013904","2015-06-10","81"
"USW00013904","2015-06-11","81"
"USW00013904","2015-06-12","82"
"USW00013904","2015-06-13","81"
"USW00013904","2015-06-14","78"
"USW00013904","2015-06-15","78"
"USW00013904","2015-06-16","77"
"USW00013904","2015-06-17","77"
"USW00013904","2015-06-18","78"
"USW00013904","2015-06-19","77"
"USW00013904","2015-06-20","78"
"USW00013904","2015-06-21","78"
"USW00013904","2015-06-22","78"
"USW00013904","2015-06-23","80"
"USW00013904","2015-06-24","80"
"USW00013904","2015-06-25","79"
"USW00013904","2015-06-26","82"
"USW00013904","2015-06-27","80"
"USW00013904","2015-06-28","79"
"USW00013904","2015-06-29","80"
"USW00013904","2015-06-30","80"
"USW00013904","2015-07-01","76"
"USW00013904","2015-07-02","77"
"USW00013904","2015-07-03","80"
"USW00013904","2015-07-04","81"
"USW00013904","2015-07-05","81"
"USW00013904","2015-07-06","83"
"USW00013904","2015-07-07","82"
"USW00013904","2015-07-08","82"
"USW00013904","2015-07-09","83"
"USW00013904","2015-07-10","80"
"USW00013904","2015-07-11","79"
"USW00013904","2015-07-12","82"
"USW00013904","2015-07-13","83"
"USW00013904","2015-07-14","83"
"USW00013904","2015-07-15","82"
"USW00013904","2015-07-16","82"
"USW00013904","2015-07-17","84"
"USW00013904","2015-07-18","85"
"USW00013904","2015-07-19","85"
"USW00013904","2015-07-20","83"
"USW00013904","2015-07-21","84"
"USW00013904","2015-07-22","85"
"USW00013904","2015-07-23","85"
"USW00013904","2015-07-24","85"
"USW00013904","2015-07-25","84"
"USW00013904","2015-07-26","84"
"USW00013904","2015-07-27","85"
"USW00013904","2015-07-28","85"
"USW00013904","2015-07-29","85"
"USW00013904","2015-07-30","86"
"USW00013904","2015-07-31","87"
"USW00013904","2015-08-01","84"
"USW00013904","2015-08-02","82"
"USW00013904","2015-08-03","85"
"USW00013904","2015-08-04","85"
"USW00013904","2015-08-05","87"
"USW00013904","2015-08-06","86"
"USW00013904","2015-08-07","86"
"USW00013904","2015-08-08","86"
"USW00013904","2015-08-09","86"
"USW00013904","2015-08-10","86"
"USW00013904","2015-08-11","87"
"USW00013904","2015-08-12","89"
"USW00013904","2015-08-13","87"
"USW00013904","2015-08-14","87"
"USW00013904","2015-08-15","87"
"USW00013904","2015-08-16","84"
"USW00013904","2015-08-17","80"
"USW00013904","2015-08-18","83"
"USW00013904","2015-08-19","85"
"USW00013904","2015-08-20","79"
"USW00013904","2015-08-21","76"
"USW00013904","2015-08-22","83"
"USW00013904","2015-08-23","85"
"USW00013904","2015-08-24","85"
"USW00013904","2015-08-25","84"
"USW00013904","2015-08-26","81"
"USW00013904","2015-08-27","82"
"USW00013904","2015-08-28","80"
"USW00013904","2015-08-29","80"
"USW00013904","2015-08-30","82"
"USW00013904","2015-08-31","79"
"USW00013904","2015-09-01","79"
"USW00013904","2015-09-02","78"
"USW00013904","2015-09-03","80"
"USW00013904","2015-09-04","83"
"USW00013904","2015-09-05","85"
"USW00013904","2015-09-06","84"
"USW00013904","2015-09-07","85"
"USW00013904","2015-09-08","85"
"USW00013904","2015-09-09","83"
"USW00013904","2015-09-10","81"
"USW00013904","2015-09-11","78"
"USW00013904","2015-09-12","78"
"USW00013904","2015-09-13","73"
"USW00013904","2015-09-14","74"
"USW00013904","2015-09-15","79"
"USW00013904","2015-09-16","80"
"USW00013904","2015-09-17","82"
"USW00013904","2015-09-18","83"
"USW00013904","2015-09-19","81"
"USW00013904","2015-09-20","78"
"USW00013904","2015-09-21","81"
"USW00013904","2015-09-22","80"
"USW00013904","2015-09-23","79"
"USW00013904","2015-09-24","76"
"USW00013904","2015-09-25","78"
"USW00013904","2015-09-26","77"
"USW00013904","2015-09-27","76"
"USW00013904","2015-09-28","76"
"USW00013904","2015-09-29","76"
"USW00013904","2015-09-30","79"
"USW00013904","2015-10-01","78"
"USW00013904","2015-10-02","76"
"USW00013904","2015-10-03","67"
"USW00013904","2015-10-04","68"
"USW00013904","2015-10-05","72"
"USW00013904","2015-10-06","71"
"USW00013904","2015-10-07","72"
"USW00013904","2015-10-08","76"
"USW00013904","2015-10-09","77"
"USW00013904","2015-10-10","76"
"USW00013904","2015-10-11","75"
"USW00013904","2015-10-12","81"
"USW00013904","2015-10-13","83"
"USW00013904","2015-10-14","71"
"USW00013904","2015-10-15","73"
"USW00013904","2015-10-16","71"
"USW00013904","2015-10-17","70"
"USW00013904","2015-10-18","65"
"USW00013904","2015-10-19","65"
"USW00013904","2015-10-20","68"
"USW00013904","2015-10-21","78"
"USW00013904","2015-10-22","76"
"USW00013904","2015-10-23","77"
"USW00013904","2015-10-24","71"
"USW00013904","2015-10-25","61"
"USW00013904","2015-10-26","67"
"USW00013904","2015-10-27","67"
"USW00013904","2015-10-28","67"
"USW00013904","2015-10-29","62"
"USW00013904","2015-10-30","72"
"USW00013904","2015-10-31","71"
"USW00013904","2015-11-01","66"
"USW00013904","2015-11-02","67"
"USW00013904","2015-11-03","65"
"USW00013904","2015-11-04","67"
"USW00013904","2015-11-05","78"
"USW00013904","2015-11-06","72"
"USW00013904","2015-11-07","60"
"USW00013904","2015-11-08","60"
"USW00013904","2015-11-09","59"
"USW00013904","2015-11-10","65"
"USW00013904","2015-11-11","76"
"USW00013904","2015-11-12","66"
"USW00013904","2015-11-13","61"
"USW00013904","2015-11-14","59"
"USW00013904","2015-11-15","59"
"USW00013904","2015-11-16","69"
"USW00013904","2015-11-17","68"
"USW00013904","2015-11-18","54"
"USW00013904","2015-11-19","57"
"USW00013904","2015-11-20","59"
"USW00013904","2015-11-21","61"
"USW00013904","2015-11-22","45"
"USW00013904","2015-11-23","42"
"USW00013904","2015-11-24","53"
"USW00013904","2015-11-25","66"
"USW00013904","2015-11-26","71"
"USW00013904","2015-11-27","70"
"USW00013904","2015-11-28","43"
"USW00013904","2015-11-29","44"
"USW00013904","2015-11-30","48"
"USW00013904","2015-12-01","52"
"USW00013904","2015-12-02","53"
"USW00013904","2015-12-03","48"
"USW00013904","2015-12-04","46"
"USW00013904","2015-12-05","45"
"USW00013904","2015-12-06","51"
"USW00013904","2015-12-07","50"
"USW00013904","2015-12-08","51"
"USW00013904","2015-12-09","59"
"USW00013904","2015-12-10","63"
"USW00013904","2015-12-11","63"
"USW00013904","2015-12-12","72"
"USW00013904","2015-12-13","62"
"USW00013904","2015-12-14","56"
"USW00013904","2015-12-15","59"
"USW00013904","2015-12-16","62"
"USW00013904","2015-12-17","47"
"USW00013904","2015-12-18","47"
"USW00013904","2015-12-19","44"
"USW00013904","2015-12-20","56"
"USW00013904","2015-12-21","67"
"USW00013904","2015-12-22","58"
"USW00013904","2015-12-23","72"
"USW00013904","2015-12-24","58"
"USW00013904","2015-12-25","62"
"USW00013904","2015-12-26","71"
"USW00013904","2015-12-27","61"
"USW00013904","2015-12-28","40"
"USW00013904","2015-12-29","41"
"USW00013904","2015-12-30","48"
"USW00013904","2015-12-31","44"
"USW00013904","2016-01-01","47"
"USW00013904","2016-01-02","46"
"USW00013904","2016-01-03","48"
"USW00013904","2016-01-04","44"
"USW00013904","2016-01-05","41"
"USW00013904","2016-01-06","49"
"USW00013904","2016-01-07","56"
"USW00013904","2016-01-08","52"
"USW00013904","2016-01-09","53"
"USW00013904","2016-01-10","40"
"USW00013904","2016-01-11","41"
"USW00013904","2016-01-12","44"
"USW00013904","2016-01-13","46"
"USW00013904","2016-01-14","54"
"USW00013904","2016-01-15","58"
"USW00013904","2016-01-16","47"
"USW00013904","2016-01-17","44"
"USW00013904","2016-01-18","42"
"USW00013904","2016-01-19","49"
"USW00013904","2016-01-20","51"
"USW00013904","2016-01-21","56"
"USW00013904","2016-01-22","46"
"USW00013904","2016-01-23","40"
"USW00013904","2016-01-24","46"
"USW00013904","2016-01-25","62"
"USW00013904","2016-01-26","52"
"USW00013904","2016-01-27","47"
"USW00013904","2016-01-28","45"
"USW00013904","2016-01-29","51"
"USW00013904","2016-01-30","58"
"USW00013904","2016-01-31","66"
"USW00013904","2016-02-01","61"
"USW00013904","2016-02-02","65"
"USW00013904","2016-02-03","49"
"USW00013904","2016-02-04","42"
"USW00013904","2016-02-05","42"
"USW00013904","2016-02-06","52"
"USW00013904","2016-02-07","44"
"USW00013904","2016-02-08","52"
"USW00013904","2016-02-09","51"
"USW00013904","2016-02-10","51"
"USW00013904","2016-02-11","62"
"USW00013904","2016-02-12","58"
"USW00013904","2016-02-13","59"
"USW00013904","2016-02-14","63"
"USW00013904","2016-02-15","64"
"USW00013904","2016-02-16","58"
"USW00013904","2016-02-17","58"
"USW00013904","2016-02-18","62"
"USW00013904","2016-02-19","69"
"USW00013904","2016-02-20","69"
"USW00013904","2016-02-21","68"
"USW00013904","2016-02-22","65"
"USW00013904","2016-02-23","59"
"USW00013904","2016-02-24","52"
"USW00013904","2016-02-25","51"
"USW00013904","2016-02-26","49"
"USW00013904","2016-02-27","52"
"USW00013904","2016-02-28","61"
"USW00013904","2016-02-29","67"
"USW00013904","2016-03-01","71"
"USW00013904","2016-03-02","59"
"USW00013904","2016-03-03","71"
"USW00013904","2016-03-04","58"
"USW00013904","2016-03-05","63"
"USW00013904","2016-03-06","65"
"USW00013904","2016-03-07","69"
"USW00013904","2016-03-08","72"
"USW00013904","2016-03-09","65"
"USW00013904","2016-03-10","61"
"USW00013904","2016-03-11","65"
"USW00013904","2016-03-12","64"
"USW00013904","2016-03-13","67"
"USW00013904","2016-03-14","69"
"USW00013904","2016-03-15","73"
"USW00013904","2016-03-16","68"
"USW00013904","2016-03-17","71"
"USW00013904","2016-03-18","71"
"USW00013904","2016-03-19","58"
"USW00013904","2016-03-20","51"
"USW00013904","2016-03-21","47"
"USW00013904","2016-03-22","56"
"USW00013904","2016-03-23","70"
"USW00013904","2016-03-24","63"
"USW00013904","2016-03-25","54"
"USW00013904","2016-03-26","57"
"USW00013904","2016-03-27","64"
"USW00013904","2016-03-28","58"
"USW00013904","2016-03-29","63"
"USW00013904","2016-03-30","71"
"USW00013904","2016-03-31","75"
"USW00013904","2016-04-01","62"
"USW00013904","2016-04-02","56"
"USW00013904","2016-04-03","57"
"USW00013904","2016-04-04","64"
"USW00013904","2016-04-05","63"
"USW00013904","2016-04-06","68"
"USW00013904","2016-04-07","62"
"USW00013904","2016-04-08","64"
"USW00013904","2016-04-09","64"
"USW00013904","2016-04-10","70"
"USW00013904","2016-04-11","75"
"USW00013904","2016-04-12","68"
"USW00013904","2016-04-13","65"
"USW00013904","2016-04-14","63"
"USW00013904","2016-04-15","63"
"USW00013904","2016-04-16","69"
"USW00013904","2016-04-17","72"
"USW00013904","2016-04-18","68"
"USW00013904","2016-04-19","69"
"USW00013904","2016-04-20","69"
"USW00013904","2016-04-21","69"
"USW00013904","2016-04-22","70"
"USW00013904","2016-04-23","67"
"USW00013904","2016-04-24","69"
"USW00013904","2016-04-25","75"
"USW00013904","2016-04-26","78"
"USW00013904","2016-04-27","76"
"USW00013904","2016-04-28","72"
"USW00013904","2016-04-29","79"
"USW00013904","2016-04-30","76"
"USW00013904","2016-05-01","71"
"USW00013904","2016-05-02","65"
"USW00013904","2016-05-03","63"
"USW00013904","2016-05-04","67"
"USW00013904","2016-05-05","69"
"USW00013904","2016-05-06","69"
"USW00013904","2016-05-07","69"
"USW00013904","2016-05-08","71"
"USW00013904","2016-05-09","75"
"USW00013904","2016-05-10","80"
"USW00013904","2016-05-11","76"
"USW00013904","2016-05-12","77"
"USW00013904","2016-05-13","77"
"USW00013904","2016-05-14","75"
"USW00013904","2016-05-15","67"
"USW00013904","2016-05-16","71"
"USW00013904","2016-05-17","71"
"USW00013904","2016-05-18","71"
"USW00013904","2016-05-19","66"
"USW00013904","2016-05-20","70"
"USW00013904","2016-05-21","75"
"USW00013904","2016-05-22","78"
"USW00013904","2016-05-23","77"
"USW00013904","2016-05-24","80"
"USW00013904","2016-05-25","80"
"USW00013904","2016-05-26","81"
"USW00013904","2016-05-27","71"
"USW00013904","2016-05-28","74"
"USW00013904","2016-05-29","80"
"USW00013904","2016-05-30","77"
"USW00013904","2016-05-31","77"
"USW00013904","2016-06-01","74"
"USW00013904","2016-06-02","76"
"USW00013904","2016-06-03","74"
"USW00013904","2016-06-04","73"
"USW00013904","2016-06-05","77"
"USW00013904","2016-06-06","77"
"USW00013904","2016-06-07","79"
"USW00013904","2016-06-08","80"
"USW00013904","2016-06-09","79"
"USW00013904","2016-06-10","78"
"USW00013904","2016-06-11","83"
"USW00013904","2016-06-12","85"
"USW00013904","2016-06-13","84"
"USW00013904","2016-06-14","84"
"USW00013904","2016-06-15","85"
"USW00013904","2016-06-16","84"
"USW00013904","2016-06-17","84"
"USW00013904","2016-06-18","85"
"USW00013904","2016-06-19","84"
"USW00013904","2016-06-20","83"
"USW00013904","2016-06-21","84"
"USW00013904","2016-06-22","84"
"USW00013904","2016-06-23","84"
"USW00013904","2016-06-24","82"
"USW00013904","2016-06-25","80"
"USW00013904","2016-06-26","82"
"USW00013904","2016-06-27","82"
"USW00013904","2016-06-28","83"
"USW00013904","2016-06-29","80"
"USW00013904","2016-06-30","84"
"USW00013904","2016-07-01","83"
"USW00013904","2016-07-02","85"
"USW00013904","2016-07-03","86"
"USW00013904","2016-07-04","87"
"USW00013904","2016-07-05","86"
"USW00013904","2016-07-06","87"
"USW00013904","2016-07-07","86"
"USW00013904","2016-07-08","87"
"USW00013904","2016-07-09","86"
"USW00013904","2016-07-10","87"
"USW00013904","2016-07-11","87"
"USW00013904","2016-07-12","85"
"USW00013904","2016-07-13","88"
"USW00013904","2016-07-14","87"
"USW00013904","2016-07-15","87"
"USW00013904","2016-07-16","86"
"USW00013904","2016-07-17","85"
"USW00013904","2016-07-18","86"
"USW00013904","2016-07-19","86"
"USW00013904","2016-07-20","85"
"USW00013904","2016-07-21","86"
"USW00013904","2016-07-22","87"
"USW00013904","2016-07-23","87"
"USW00013904","2016-07-24","88"
"USW00013904","2016-07-25","89"
"USW00013904","2016-07-26","80"
"USW00013904","2016-07-27","79"
"USW00013904","2016-07-28","80"
"USW00013904","2016-07-29","81"
"USW00013904","2016-07-30","84"
"USW00013904","2016-07-31","85"
"USW00013904","2016-08-01","85"
"USW00013904","2016-08-02","84"
"USW00013904","2016-08-03","85"
"USW00013904","2016-08-04","85"
"USW00013904","2016-08-05","85"
"USW00013904","2016-08-06","86"
"USW00013904","2016-08-07","86"
"USW00013904","2016-08-08","87"
"USW00013904","2016-08-09","87"
"USW00013904","2016-08-10","88"
"USW00013904","2016-08-11","88"
"USW00013904","2016-08-12","88"
"USW00013904","2016-08-13","84"
"USW00013904","2016-08-14","78"
"USW00013904","2016-08-15","74"
"USW00013904","2016-08-16","75"
"USW00013904","2016-08-17","77"
"USW00013904","2016-08-18","78"
"USW00013904","2016-08-19","81"
"USW00013904","2016-08-20","80"
"USW00013904","2016-08-21","76"
"USW00013904","2016-08-22","79"
"USW00013904","2016-08-23","84"
"USW00013904","2016-08-24","82"
"USW00013904","2016-08-25","82"
"USW00013904","2016-08-26","82"
"USW00013904","2016-08-27","80"
"USW00013904","2016-08-28","80"
"USW00013904","2016-08-29","79"
"USW00013904","2016-08-30","79"
"USW00013904","2016-08-31","82"
"USW00013904","2016-09-01","83"
"USW00013904","2016-09-02","81"
"USW00013904","2016-09-03","80"
"USW00013904","2016-09-04","81"
"USW00013904","2016-09-05","79"
"USW00013904","2016-09-06","80"
"USW00013904","2016-09-07","83"
"USW00013904","2016-09-08","83"
"USW00013904","2016-09-09","82"
"USW00013904","2016-09-10","81"
"USW00013904","2016-09-11","79"
"USW00013904","2016-09-12","80"
"USW00013904","2016-09-13","80"
"USW00013904","2016-09-14","82"
"USW00013904","2016-09-15","81"
"USW00013904","2016-09-16","81"
"USW00013904","2016-09-17","82"
"USW00013904","2016-09-18","83"
"USW00013904","2016-09-19","84"
"USW00013904","2016-09-20","83"
"USW00013904","2016-09-21","83"
"USW00013904","2016-09-22","79"
"USW00013904","2016-09-23","81"
"USW00013904","2016-09-24","81"
"USW00013904","2016-09-25","78"
"USW00013904","2016-09-26","73"
"USW00013904","2016-09-27","71"
"USW00013904","2016-09-28","73"
"USW00013904","2016-09-29","71"
"USW00013904","2016-09-30","66"
"USW00013904","2016-10-01","67"
"USW00013904","2016-10-02","69"
"USW00013904","2016-10-03","71"
"USW00013904","2016-10-04","76"
"USW00013904","2016-10-05","80"
"USW00013904","2016-10-06","81"
"USW00013904","2016-10-07","78"
"USW00013904","2016-10-08","70"
"USW00013904","2016-10-09","69"
"USW00013904","2016-10-10","63"
"USW00013904","2016-10-11","66"
"USW00013904","2016-10-12","72"
"USW00013904","2016-10-13","76"
"USW00013904","2016-10-14","75"
"USW00013904","2016-10-15","77"
"USW00013904","2016-10-16","80"
"USW00013904","2016-10-17","80"
"USW00013904","2016-10-18","81"
"USW00013904","2016-10-19","81"
"USW00013904","2016-10-20","76"
"USW00013904","2016-10-21","66"
"USW00013904","2016-10-22","59"
"USW00013904","2016-10-23","62"
"USW00013904","2016-10-24","74"
"USW00013904","2016-10-25","71"
"USW00013904","2016-10-26","71"
"USW00013904","2016-10-27","71"
"USW00013904","2016-10-28","69"
"USW00013904","2016-10-29","71"
"USW00013904","2016-10-30","71"
"USW00013904","2016-10-31","69"
"USW00013904","2016-11-01","77"
"USW00013904","2016-11-02","79"
"USW00013904","2016-11-03","76"
"USW00013904","2016-11-04","71"
"USW00013904","2016-11-05","71"
"USW00013904","2016-11-06","66"
"USW00013904","2016-11-07","66"
"USW00013904","2016-11-08","68"
"USW00013904","2016-11-09","64"
"USW00013904","2016-11-10","63"
"USW00013904","2016-11-11","60"
"USW00013904","2016-11-12","63"
"USW00013904","2016-11-13","64"
"USW00013904","2016-11-14","65"
"USW00013904","2016-11-15","67"
"USW00013904","2016-11-16","65"
"USW00013904","2016-11-17","69"
"USW00013904","2016-11-18","72"
"USW00013904","2016-11-19","54"
"USW00013904","2016-11-20","47"
"USW00013904","2016-11-21","53"
"USW00013904","2016-11-22","68"
"USW00013904","2016-11-23","68"
"USW00013904","2016-11-24","56"
"USW00013904","2016-11-25","61"
"USW00013904","2016-11-26","60"
"USW00013904","2016-11-27","64"
"USW00013904","2016-11-28","74"
"USW00013904","2016-11-29","60"
"USW00013904","2016-11-30","58"
"USW00013904","2016-12-01","48"
"USW00013904","2016-12-02","55"
"USW00013904","2016-12-03","52"
"USW00013904","2016-12-04","52"
"USW00013904","2016-12-05","51"
"USW00013904","2016-12-06","51"
"USW00013904","2016-12-07","45"
"USW00013904","2016-12-08","47"
"USW00013904","2016-12-09","39"
"USW00013904","2016-12-10","42"
"USW00013904","2016-12-11","55"
"USW00013904","2016-12-12","56"
"USW00013904","2016-12-13","61"
"USW00013904","2016-12-14","51"
"USW00013904","2016-12-15","51"
"USW00013904","2016-12-16","55"
"USW00013904","2016-12-17","67"
"USW00013904","2016-12-18","37"
"USW00013904","2016-12-19","32"
"USW00013904","2016-12-20","43"
"USW00013904","2016-12-21","54"
"USW00013904","2016-12-22","56"
"USW00013904","2016-12-23","59"
"USW00013904","2016-12-24","71"
"USW00013904","2016-12-25","74"
"USW00013904","2016-12-26","75"
"USW00013904","2016-12-27","71"
"USW00013904","2016-12-28","70"
"USW00013904","2016-12-29","65"
"USW00013904","2016-12-30","51"
"USW00013904","2016-12-31","59"
"USW00013904","2017-01-01","62"
"USW00013904","2017-01-02","63"
"USW00013904","2017-01-03","58"
"USW00013904","2017-01-04","46"
"USW00013904","2017-01-05","49"
"USW00013904","2017-01-06","35"
"USW00013904","2017-01-07","29"
"USW00013904","2017-01-08","31"
"USW00013904","2017-01-09","51"
"USW00013904","2017-01-10","66"
"USW00013904","2017-01-11","67"
"USW00013904","2017-01-12","72"
"USW00013904","2017-01-13","73"
"USW00013904","2017-01-14","55"
"USW00013904","2017-01-15","56"
"USW00013904","2017-01-16","66"
"USW00013904","2017-01-17","57"
"USW00013904","2017-01-18","51"
"USW00013904","2017-01-19","57"
"USW00013904","2017-01-20","61"
"USW00013904","2017-01-21","62"
"USW00013904","2017-01-22","65"
"USW00013904","2017-01-23","58"
"USW00013904","2017-01-24","61"
"USW00013904","2017-01-25","66"
"USW00013904","2017-01-26","48"
"USW00013904","2017-01-27","44"
"USW00013904","2017-01-28","51"
"USW00013904","2017-01-29","50"
"USW00013904","2017-01-30","57"
"USW00013904","2017-01-31","58"
"USW00013904","2017-02-01","59"
"USW00013904","2017-02-02","58"
"USW00013904","2017-02-03","50"
"USW00013904","2017-02-04","50"
"USW00013904","2017-02-05","58"
"USW00013904","2017-02-06","71"
"USW00013904","2017-02-07","75"
"USW00013904","2017-02-08","66"
"USW00013904","2017-02-09","57"
"USW00013904","2017-02-10","59"
"USW00013904","2017-02-11","73"
"USW00013904","2017-02-12","73"
"USW00013904","2017-02-13","70"
"USW00013904","2017-02-14","60"
"USW00013904","2017-02-15","53"
"USW00013904","2017-02-16","50"
"USW00013904","2017-02-17","58"
"USW00013904","2017-02-18","70"
"USW00013904","2017-02-19","74"
"USW00013904","2017-02-20","66"
"USW00013904","2017-02-21","64"
"USW00013904","2017-02-22","63"
"USW00013904","2017-02-23","65"
"USW00013904","2017-02-24","71"
"USW00013904","2017-02-25","55"
"USW00013904","2017-02-26","50"
"USW00013904","2017-02-27","71"
"USW00013904","2017-02-28","75"
"USW00013904","2017-03-01","71"
"USW00013904","2017-03-02","55"
"USW00013904","2017-03-03","51"
"USW00013904","2017-03-04","58"
"USW00013904","2017-03-05","63"
"USW00013904","2017-03-06","72"
"USW00013904","2017-03-07","70"
"USW00013904","2017-03-08","65"
"USW00013904","2017-03-09","71"
"USW00013904","2017-03-10","69"
"USW00013904","2017-03-11","66"
"USW00013904","2017-03-12","55"
"USW00013904","2017-03-13","54"
"USW00013904","2017-03-14","54"
"USW00013904","2017-03-15","57"
"USW00013904","2017-03-16","67"
"USW00013904","2017-03-17","71"
"USW00013904","2017-03-18","71"
"USW00013904","2017-03-19","73"
"USW00013904","2017-03-20","73"
"USW00013904","2017-03-21","71"
"USW00013904","2017-03-22","73"
"USW00013904","2017-03-23","74"
"USW00013904","2017-03-24","72"
"USW00013904","2017-03-25","67"
"USW00013904","2017-03-26","71"
"USW00013904","2017-03-27","75"
"USW00013904","2017-03-28","77"
"USW00013904","2017-03-29","72"
"USW00013904","2017-03-30","67"
"USW00013904","2017-03-31","67"
"USW00013904","2017-04-01","71"
"USW00013904","2017-04-02","71"
"USW00013904","2017-04-03","66"
"USW00013904","2017-04-04","70"
"USW00013904","2017-04-05","68"
"USW00013904","2017-04-06","60"
"USW00013904","2017-04-07","62"
"USW00013904","2017-04-08","67"
"USW00013904","2017-04-09","71"
"USW00013904","2017-04-10","74"
"USW00013904","2017-04-11","71"
"USW00013904","2017-04-12","67"
"USW00013904","2017-04-13","72"
"USW00013904","2017-04-14","71"
"USW00013904","2017-04-15","74"
"USW00013904","2017-04-16","76"
"USW00013904","2017-04-17","72"
"USW00013904","2017-04-18","69"
"USW00013904","2017-04-19","74"
"USW00013904","2017-04-20","76"
"USW00013904","2017-04-21","78"
"USW00013904","2017-04-22","70"
"USW00013904","2017-04-23","63"
"USW00013904","2017-04-24","62"
"USW00013904","2017-04-25","72"
"USW00013904","2017-04-26","81"
"USW00013904","2017-04-27","67"
"USW00013904","2017-04-28","79"
"USW00013904","2017-04-29","83"
"USW00013904","2017-04-30","66"
"USW00013904","2017-05-01","67"
"USW00013904","2017-05-02","73"
"USW00013904","2017-05-03","80"
"USW00013904","2017-05-04","70"
"USW00013904","2017-05-05","67"
"USW00013904","2017-05-06","69"
"USW00013904","2017-05-07","72"
"USW00013904","2017-05-08","73"
"USW00013904","2017-05-09","72"
"USW00013904","2017-05-10","76"
"USW00013904","2017-05-11","78"
"USW00013904","2017-05-12","76"
"USW00013904","2017-05-13","73"
"USW00013904","2017-05-14","74"
"USW00013904","2017-05-15","77"
"USW00013904","2017-05-16","78"
"USW00013904","2017-05-17","77"
"USW00013904","2017-05-18","81"
"USW00013904","2017-05-19","83"
"USW00013904","2017-05-20","76"
"USW00013904","2017-05-21","76"
"USW00013904","2017-05-22","67"
"USW00013904","2017-05-23","71"
"USW00013904","2017-05-24","69"
"USW00013904","2017-05-25","75"
"USW00013904","2017-05-26","82"
"USW00013904","2017-05-27","85"
"USW00013904","2017-05-28","84"
"USW00013904","2017-05-29","75"
"USW00013904","2017-05-30","78"
"USW00013904","2017-05-31","77"
"USW00013904","2017-06-01","75"
"USW00013904","2017-06-02","81"
"USW00013904","2017-06-03","82"
"USW00013904","2017-06-04","76"
"USW00013904","2017-06-05","77"
"USW00013904","2017-06-06","78"
"USW00013904","2017-06-07","81"
"USW00013904","2017-06-08","81"
"USW00013904","2017-06-09","81"
"USW00013904","2017-06-10","80"
"USW00013904","2017-06-11","82"
"USW00013904","2017-06-12","83"
"USW00013904","2017-06-13","84"
"USW00013904","2017-06-14","85"
"USW00013904","2017-06-15","85"
"USW00013904","2017-06-16","86"
"USW00013904","2017-06-17","87"
"USW00013904","2017-06-18","87"
"USW00013904","2017-06-19","83"
"USW00013904","2017-06-20","85"
"USW00013904","2017-06-21","85"
"USW00013904","2017-06-22","85"
"USW00013904","2017-06-23","89"
"USW00013904","2017-06-24","83"
"USW00013904","2017-06-25","81"
"USW00013904","2017-06-26","80"
"USW00013904","2017-06-27","80"
"USW00013904","2017-06-28","79"
"USW00013904","2017-06-29","84"
"USW00013904","2017-06-30","88"
"USW00013904","2017-07-01","87"
"USW00013904","2017-07-02","87"
"USW00013904","2017-07-03","86"
"USW00013904","2017-07-04","87"
"USW00013904","2017-07-05","86"
"USW00013904","2017-07-06","87"
"USW00013904","2017-07-07","83"
"USW00013904","2017-07-08","83"
"USW00013904","2017-07-09","87"
"USW00013904","2017-07-10","86"
"USW00013904","2017-07-11","86"
"USW00013904","2017-07-12","85"
"USW00013904","2017-07-13","85"
"USW00013904","2017-07-14","85"
"USW00013904","2017-07-15","87"
"USW00013904","2017-07-16","80"
"USW00013904","2017-07-17","85"
"USW00013904","2017-07-18","85"
"USW00013904","2017-07-19","87"
"USW00013904","2017-07-20","87"
"USW00013904","2017-07-21","88"
"USW00013904","2017-07-22","88"
"USW00013904","2017-07-23","88"
"USW00013904","2017-07-24","85"
"USW00013904","2017-07-25","86"
"USW00013904","2017-07-26","88"
"USW00013904","2017-07-27","85"
"USW00013904","2017-07-28","88"
"USW00013904","2017-07-29","90"
"USW00013904","2017-07-30","91"
"USW00013904","2017-07-31","88"
"USW00013904","2017-08-01","85"
"USW00013904","2017-08-02","85"
"USW00013904","2017-08-03","81"
"USW00013904","2017-08-04","84"
"USW00013904","2017-08-05","87"
"USW00013904","2017-08-06","88"
"USW00013904","2017-08-07","80"
"USW00013904","2017-08-08","81"
"USW00013904","2017-08-09","84"
"USW00013904","2017-08-10","85"
"USW00013904","2017-08-11","86"
"USW00013904","2017-08-12","87"
"USW00013904","2017-08-13","87"
"USW00013904","2017-08-14","87"
"USW00013904","2017-08-15","87"
"USW00013904","2017-08-16","88"
"USW00013904","2017-08-17","89"
"USW00013904","2017-08-18","87"
"USW00013904","2017-08-19","87"
"USW00013904","2017-08-20","87"
"USW00013904","2017-08-21","87"
"USW00013904","2017-08-22","86"
"USW00013904","2017-08-23","86"
"USW00013904","2017-08-24","82"
"USW00013904","2017-08-25","82"
"USW00013904","2017-08-26","78"
"USW00013904","2017-08-27","74"
"USW00013904","2017-08-28","75"
"USW00013904","2017-08-29","79"
"USW00013904","2017-08-30","80"
"USW00013904","2017-08-31","78"
"USW00013904","2017-09-01","79"
"USW00013904","2017-09-02","79"
"USW00013904","2017-09-03","79"
"USW00013904","2017-09-04","79"
"USW00013904","2017-09-05","81"
"USW00013904","2017-09-06","80"
"USW00013904","2017-09-07","69"
"USW00013904","2017-09-08","70"
"USW00013904","2017-09-09","73"
"USW00013904","2017-09-10","72"
"USW00013904","2017-09-11","72"
"USW00013904","2017-09-12","73"
"USW00013904","2017-09-13","75"
"USW00013904","2017-09-14","80"
"USW00013904","2017-09-15","80"
"USW00013904","2017-09-16","82"
"USW00013904","2017-09-17","81"
"USW00013904","2017-09-18","81"
"USW00013904","2017-09-19","84"
"USW00013904","2017-09-20","85"
"USW00013904","2017-09-21","85"
"USW00013904","2017-09-22","80"
"USW00013904","2017-09-23","78"
"USW00013904","2017-09-24","80"
"USW00013904","2017-09-25","78"
"USW00013904","2017-09-26","77"
"USW00013904","2017-09-27","78"
"USW00013904","2017-09-28","77"
"USW00013904","2017-09-29","74"
"USW00013904","2017-09-30","75"
"USW00013904","2017-10-01","73"
"USW00013904","2017-10-02","76"
"USW00013904","2017-10-03","79"
"USW00013904","2017-10-04","81"
"USW00013904","2017-10-05","78"
"USW00013904","2017-10-06","76"
"USW00013904","2017-10-07","77"
"USW00013904","2017-10-08","78"
"USW00013904","2017-10-09","80"
"USW00013904","2017-10-10","71"
"USW00013904","2017-10-11","66"
"USW00013904","2017-10-12","70"
"USW00013904","2017-10-13","76"
"USW00013904","2017-10-14","78"
"USW00013904","2017-10-15","74"
"USW00013904","2017-10-16","65"
"USW00013904","2017-10-17","58"
"USW00013904","2017-10-18","58"
"USW00013904","2017-10-19","65"
"USW00013904","2017-10-20","70"
"USW00013904","2017-10-21","77"
"USW00013904","2017-10-22","74"
"USW00013904","2017-10-23","61"
"USW00013904","2017-10-24","64"
"USW00013904","2017-10-25","59"
"USW00013904","2017-10-26","63"
"USW00013904","2017-10-27","60"
"USW00013904","2017-10-28","49"
"USW00013904","2017-10-29","50"
"USW00013904","2017-10-30","58"
"USW00013904","2017-10-31","57"
"USW00013904","2017-11-01","59"
"USW00013904","2017-11-02","73"
"USW00013904","2017-11-03","77"
"USW00013904","2017-11-04","75"
"USW00013904","2017-11-05","75"
"USW00013904","2017-11-06","76"
"USW00013904","2017-11-07","73"
"USW00013904","2017-11-08","55"
"USW00013904","2017-11-09","50"
"USW00013904","2017-11-10","55"
"USW00013904","2017-11-11","63"
"USW00013904","2017-11-12","69"
"USW00013904","2017-11-13","70"
"USW00013904","2017-11-14","67"
"USW00013904","2017-11-15","69"
"USW00013904","2017-11-16","70"
"USW00013904","2017-11-17","74"
"USW00013904","2017-11-18","74"
"USW00013904","2017-11-19","56"
"USW00013904","2017-11-20","49"
"USW00013904","2017-11-21","57"
"USW00013904","2017-11-22","60"
"USW00013904","2017-11-23","47"
"USW00013904","2017-11-24","53"
"USW00013904","2017-11-25","57"
"USW00013904","2017-11-26","62"
"USW00013904","2017-11-27","57"
"USW00013904","2017-11-28","60"
"USW00013904","2017-11-29","60"
"USW00013904","2017-11-30","54"
"USW00013904","2017-12-01","59"
"USW00013904","2017-12-02","59"
"USW00013904","2017-12-03","64"
"USW00013904","2017-12-04","73"
"USW00013904","2017-12-05","64"
"USW00013904","2017-12-06","45"
"USW00013904","2017-12-07","42"
"USW00013904","2017-12-08","36"
"USW00013904","2017-12-09","44"
"USW00013904","2017-12-10","46"
"USW00013904","2017-12-11","51"
"USW00013904","2017-12-12","55"
"USW00013904","2017-12-13","44"
"USW00013904","2017-12-14","49"
"USW00013904","2017-12-15","53"
"USW00013904","2017-12-16","44"
"USW00013904","2017-12-17","48"
"USW00013904","2017-12-18","52"
"USW00013904","2017-12-19","61"
"USW00013904","2017-12-20","61"
"USW00013904","2017-12-21","57"
"USW00013904","2017-12-22","65"
"USW00013904","2017-12-23","45"
"USW00013904","2017-12-24","42"
"USW00013904","2017-12-25","41"
"USW00013904","2017-12-26","49"
"USW00013904","2017-12-27","41"
"USW00013904","2017-12-28","40"
"USW00013904","2017-12-29","44"
"USW00013904","2017-12-30","52"
"USW00013904","2017-12-31","42"
"USW00013904","2018-01-01","28"
"USW00013904","2018-01-02","29"
"USW00013904","2018-01-03","31"
"USW00013904","2018-01-04","36"
"USW00013904","2018-01-05","49"
"USW00013904","2018-01-06","45"
"USW00013904","2018-01-07","59"
"USW00013904","2018-01-08","60"
"USW00013904","2018-01-09","48"
"USW00013904","2018-01-10","53"
"USW00013904","2018-01-11","61"
"USW00013904","2018-01-12","45"
"USW00013904","2018-01-13","38"
"USW00013904","2018-01-14","38"
"USW00013904","2018-01-15","45"
"USW00013904","2018-01-16","36"
"USW00013904","2018-01-17","26"
"USW00013904","2018-01-18","32"
"USW00013904","2018-01-19","44"
"USW00013904","2018-01-20","54"
"USW00013904","2018-01-21","63"
"USW00013904","2018-01-22","59"
"USW00013904","2018-01-23","46"
"USW00013904","2018-01-24","43"
"USW00013904","2018-01-25","42"
"USW00013904","2018-01-26","56"
"USW00013904","2018-01-27","64"
"USW00013904","2018-01-28","60"
"USW00013904","2018-01-29","50"
"USW00013904","2018-01-30","44"
"USW00013904","2018-01-31","51"
"USW00013904","2018-02-01","60"
"USW00013904","2018-02-02","53"
"USW00013904","2018-02-03","50"
"USW00013904","2018-02-04","51"
"USW00013904","2018-02-05","47"
"USW00013904","2018-02-06","50"
"USW00013904","2018-02-07","41"
"USW00013904","2018-02-08","42"
"USW00013904","2018-02-09","56"
"USW00013904","2018-02-10","56"
"USW00013904","2018-02-11","37"
"USW00013904","2018-02-12","35"
"USW00013904","2018-02-13","40"
"USW00013904","2018-02-14","51"
"USW00013904","2018-02-15","67"
"USW00013904","2018-02-16","67"
"USW00013904","2018-02-17","58"
"USW00013904","2018-02-18","55"
"USW00013904","2018-02-19","73"
"USW00013904","2018-02-20","72"
"USW00013904","2018-02-21","55"
"USW00013904","2018-02-22","40"
"USW00013904","2018-02-23","47"
"USW00013904","2018-02-24","68"
"USW00013904","2018-02-25","61"
"USW00013904","2018-02-26","55"
"USW00013904","2018-02-27","64"
"USW00013904","2018-02-28","72"
"USW00013904","2018-03-01","68"
"USW00013904","2018-03-02","58"
"USW00013904","2018-03-03","60"
"USW00013904","2018-03-04","68"
"USW00013904","2018-03-05","73"
"USW00013904","2018-03-06","63"
"USW00013904","2018-03-07","55"
"USW00013904","2018-03-08","54"
"USW00013904","2018-03-09","60"
"USW00013904","2018-03-10","72"
"USW00013904","2018-03-11","70"
"USW00013904","2018-03-12","56"
"USW00013904","2018-03-13","52"
"USW00013904","2018-03-14","52"
"USW00013904","2018-03-15","58"
"USW00013904","2018-03-16","71"
"USW00013904","2018-03-17","72"
"USW00013904","2018-03-18","72"
"USW00013904","2018-03-19","72"
"USW00013904","2018-03-20","63"
"USW00013904","2018-03-21","57"
"USW00013904","2018-03-22","63"
"USW00013904","2018-03-23","67"
"USW00013904","2018-03-24","73"
"USW00013904","2018-03-25","72"
"USW00013904","2018-03-26","75"
"USW00013904","2018-03-27","75"
"USW00013904","2018-03-28","64"
"USW00013904","2018-03-29","67"
"USW00013904","2018-03-30","66"
"USW00013904","2018-03-31","66"
"USW00013904","2018-04-01","71"
"USW00013904","2018-04-02","72"
"USW00013904","2018-04-03","74"
"USW00013904","2018-04-04","62"
"USW00013904","2018-04-05","64"
"USW00013904","2018-04-06","75"
"USW00013904","2018-04-07","57"
"USW00013904","2018-04-08","47"
"USW00013904","2018-04-09","58"
"USW00013904","2018-04-10","62"
"USW00013904","2018-04-11","61"
"USW00013904","2018-04-12","70"
"USW00013904","2018-04-13","75"
"USW00013904","2018-04-14","65"
"USW00013904","2018-04-15","56"
"USW00013904","2018-04-16","60"
"USW00013904","2018-04-17","69"
"USW00013904","2018-04-18","72"
"USW00013904","2018-04-19","64"
"USW00013904","2018-04-20","60"
"USW00013904","2018-04-21","63"
"USW00013904","2018-04-22","64"
"USW00013904","2018-04-23","65"
"USW00013904","2018-04-24","67"
"USW00013904","2018-04-25","68"
"USW00013904","2018-04-26","61"
"USW00013904","2018-04-27","64"
"USW00013904","2018-04-28","68"
"USW00013904","2018-04-29","69"
"USW00013904","2018-04-30","69"
"USW00013904","2018-05-01","73"
"USW00013904","2018-05-02","78"
"USW00013904","2018-05-03","79"
"USW00013904","2018-05-04","72"
"USW00013904","2018-05-05","70"
"USW00013904","2018-05-06","71"
"USW00013904","2018-05-07","72"
"USW00013904","2018-05-08","74"
"USW00013904","2018-05-09","74"
"USW00013904","2018-05-10","75"
"USW00013904","2018-05-11","79"
"USW00013904","2018-05-12","80"
"USW00013904","2018-05-13","80"
"USW00013904","2018-05-14","81"
"USW00013904","2018-05-15","81"
"USW00013904","2018-05-16","80"
"USW00013904","2018-05-17","82"
"USW00013904","2018-05-18","82"
"USW00013904","2018-05-19","82"
"USW00013904","2018-05-20","78"
"USW00013904","2018-05-21","74"
"USW00013904","2018-05-22","77"
"USW00013904","2018-05-23","77"
"USW00013904","2018-05-24","79"
"USW00013904","2018-05-25","82"
"USW00013904","2018-05-26","83"
"USW00013904","2018-05-27","84"
"USW00013904","2018-05-28","84"
"USW00013904","2018-05-29","83"
"USW00013904","2018-05-30","83"
"USW00013904","2018-05-31","84"
"USW00013904","2018-06-01","85"
"USW00013904","2018-06-02","87"
"USW00013904","2018-06-03","87"
"USW00013904","2018-06-04","83"
"USW00013904","2018-06-05","84"
"USW00013904","2018-06-06","87"
"USW00013904","2018-06-07","86"
"USW00013904","2018-06-08","84"
"USW00013904","2018-06-09","83"
"USW00013904","2018-06-10","85"
"USW00013904","2018-06-11","86"
"USW00013904","2018-06-12","86"
"USW00013904","2018-06-13","86"
"USW00013904","2018-06-14","85"
"USW00013904","2018-06-15","84"
"USW00013904","2018-06-16","83"
"USW00013904","2018-06-17","82"
"USW00013904","2018-06-18","82"
"USW00013904","2018-06-19","77"
"USW00013904","2018-06-20","78"
"USW00013904","2018-06-21","81"
"USW00013904","2018-06-22","85"
"USW00013904","2018-06-23","87"
"USW00013904","2018-06-24","87"
"USW00013904","2018-06-25","85"
"USW00013904","2018-06-26","86"
"USW00013904","2018-06-27","86"
"USW00013904","2018-06-28","86"
"USW00013904","2018-06-29","87"
"USW00013904","2018-06-30","87"
"USW00013904","2018-07-01","87"
"USW00013904","2018-07-02","87"
"USW00013904","2018-07-03","87"
"USW00013904","2018-07-04","83"
"USW00013904","2018-07-05","78"
"USW00013904","2018-07-06","84"
"USW00013904","2018-07-07","82"
"USW00013904","2018-07-08","80"
"USW00013904","2018-07-09","78"
"USW00013904","2018-07-10","79"
"USW00013904","2018-07-11","84"
"USW00013904","2018-07-12","84"
"USW00013904","2018-07-13","85"
"USW00013904","2018-07-14","85"
"USW00013904","2018-07-15","86"
"USW00013904","2018-07-16","85"
"USW00013904","2018-07-17","85"
"USW00013904","2018-07-18","87"
"USW00013904","2018-07-19","88"
"USW00013904","2018-07-20","88"
"USW00013904","2018-07-21","87"
"USW00013904","2018-07-22","89"
"USW00013904","2018-07-23","91"
"USW00013904","2018-07-24","92"
"USW00013904","2018-07-25","88"
"USW00013904","2018-07-26","87"
"USW00013904","2018-07-27","87"
"USW00013904","2018-07-28","86"
"USW00013904","2018-07-29","88"
"USW00013904","2018-07-30","89"
"USW00013904","2018-07-31","88"
"USW00013904","2018-08-01","84"
"USW00013904","2018-08-02","81"
"USW00013904","2018-08-03","85"
"USW00013904","2018-08-04","83"
"USW00013904","2018-08-05","85"
"USW00013904","2018-08-06","83"
"USW00013904","2018-08-07","85"
"USW00013904","2018-08-08","87"
"USW00013904","2018-08-09","86"
"USW00013904","2018-08-10","86"
"USW00013904","2018-08-11","85"
"USW00013904","2018-08-12","80"
"USW00013904","2018-08-13","84"
"USW00013904","2018-08-14","85"
"USW00013904","2018-08-15","86"
"USW00013904","2018-08-16","88"
"USW00013904","2018-08-17","87"
"USW00013904","2018-08-18","88"
"USW00013904","2018-08-19","88"
"USW00013904","2018-08-20","89"
"USW00013904","2018-08-21","89"
"USW00013904","2018-08-22","89"
"USW00013904","2018-08-23","89"
"USW00013904","2018-08-24","89"
"USW00013904","2018-08-25","88"
"USW00013904","2018-08-26","88"
"USW00013904","2018-08-27","88"
"USW00013904","2018-08-28","89"
"USW00013904","2018-08-29","88"
"USW00013904","2018-08-30","85"
"USW00013904","2018-08-31","84"
"USW00013904","2018-09-01","85"
"USW00013904","2018-09-02","86"
"USW00013904","2018-09-03","82"
"USW00013904","2018-09-04","80"
"USW00013904","2018-09-05","82"
"USW00013904","2018-09-06","82"
"USW00013904","2018-09-07","80"
"USW00013904","2018-09-08","81"
"USW00013904","2018-09-09","76"
"USW00013904","2018-09-10","75"
"USW00013904","2018-09-11","76"
"USW00013904","2018-09-12","79"
"USW00013904","2018-09-13","80"
"USW00013904","2018-09-14","78"
"USW00013904","2018-09-15","78"
"USW00013904","2018-09-16","78"
"USW00013904","2018-09-17","80"
"USW00013904","2018-09-18","82"
"USW00013904","2018-09-19","81"
"USW00013904","2018-09-20","80"
"USW00013904","2018-09-21","81"
"USW00013904","2018-09-22","78"
"USW00013904","2018-09-23","72"
"USW00013904","2018-09-24","77"
"USW00013904","2018-09-25","82"
"USW00013904","2018-09-26","81"
"USW00013904","2018-09-27","71"
"USW00013904","2018-09-28","70"
"USW00013904","2018-09-29","76"
"USW00013904","2018-09-30","75"
"USW00013904","2018-10-01","75"
"USW00013904","2018-10-02","78"
"USW00013904","2018-10-03","80"
"USW00013904","2018-10-04","80"
"USW00013904","2018-10-05","81"
"USW00013904","2018-10-06","80"
"USW00013904","2018-10-07","79"
"USW00013904","2018-10-08","77"
"USW00013904","2018-10-09","76"
"USW00013904","2018-10-10","71"
"USW00013904","2018-10-11","67"
"USW00013904","2018-10-12","72"
"USW00013904","2018-10-13","80"
"USW00013904","2018-10-14","78"
"USW00013904","2018-10-15","59"
"USW00013904","2018-10-16","49"
"USW00013904","2018-10-17","54"
"USW00013904","2018-10-18","57"
"USW00013904","2018-10-19","62"
"USW00013904","2018-10-20","65"
"USW00013904","2018-10-21","65"
"USW00013904","2018-10-22","60"
"USW00013904","2018-10-23","59"
"USW00013904","2018-10-24","60"
"USW00013904","2018-10-25","62"
"USW00013904","2018-10-26","62"
"USW00013904","2018-10-27","66"
"USW00013904","2018-10-28","68"
"USW00013904","2018-10-29","67"
"USW00013904","2018-10-30","74"
"USW00013904","2018-10-31","74"
"USW00013904","2018-11-01","62"
"USW00013904","2018-11-02","57"
"USW00013904","2018-11-03","62"
"USW00013904","2018-11-04","66"
"USW00013904","2018-11-05","64"
"USW00013904","2018-11-06","68"
"USW00013904","2018-11-07","76"
"USW00013904","2018-11-08","63"
"USW00013904","2018-11-09","56"
"USW00013904","2018-11-10","51"
"USW00013904","2018-11-11","51"
"USW00013904","2018-11-12","50"
"USW00013904","2018-11-13","41"
"USW00013904","2018-11-14","40"
"USW00013904","2018-11-15","43"
"USW00013904","2018-11-16","49"
"USW00013904","2018-11-17","52"
"USW00013904","2018-11-18","56"
"USW00013904","2018-11-19","48"
"USW00013904","2018-11-20","52"
"USW00013904","2018-11-21","45"
"USW00013904","2018-11-22","54"
"USW00013904","2018-11-23","62"
"USW00013904","2018-11-24","57"
"USW00013904","2018-11-25","64"
"USW00013904","2018-11-26","51"
"USW00013904","2018-11-27","44"
"USW00013904","2018-11-28","55"
"USW00013904","2018-11-29","61"
"USW00013904","2018-11-30","70"
"USW00013904","2018-12-01","69"
"USW00013904","2018-12-02","56"
"USW00013904","2018-12-03","55"
"USW00013904","2018-12-04","48"
"USW00013904","2018-12-05","48"
"USW00013904","2018-12-06","53"
"USW00013904","2018-12-07","54"
"USW00013904","2018-12-08","47"
"USW00013904","2018-12-09","45"
"USW00013904","2018-12-10","45"
"USW00013904","2018-12-11","43"
"USW00013904","2018-12-12","55"
"USW00013904","2018-12-13","63"
"USW00013904","2018-12-14","48"
"USW00013904","2018-12-15","55"
"USW00013904","2018-12-16","46"
"USW00013904","2018-12-17","55"
"USW00013904","2018-12-18","47"
"USW00013904","2018-12-19","58"
"USW00013904","2018-12-20","57"
"USW00013904","2018-12-21","54"
"USW00013904","2018-12-22","54"
"USW00013904","2018-12-23","54"
"USW00013904","2018-12-24","46"
"USW00013904","2018-12-25","63"
"USW00013904","2018-12-26","67"
"USW00013904","2018-12-27","63"
"USW00013904","2018-12-28","49"
"USW00013904","2018-12-29","45"
"USW00013904","2018-12-30","42"
"USW00013904","2018-12-31","47"
"USW00013904","2019-01-01","43"
"USW00013904","2019-01-02","39"
"USW00013904","2019-01-03","41"
"USW00013904","2019-01-04","44"
"USW00013904","2019-01-05","49"
"USW00013904","2019-01-06","49"
"USW00013904","2019-01-07","67"
"USW00013904","2019-01-08","64"
"USW00013904","2019-01-09","58"
"USW00013904","2019-01-10","50"
"USW00013904","2019-01-11","53"
"USW00013904","2019-01-12","58"
"USW00013904","2019-01-13","46"
"USW00013904","2019-01-14","44"
"USW00013904","2019-01-15","49"
"USW00013904","2019-01-16","52"
"USW00013904","2019-01-17","62"
"USW00013904","2019-01-18","57"
"USW00013904","2019-01-19","58"
"USW00013904","2019-01-20","42"
"USW00013904","2019-01-21","44"
"USW00013904","2019-01-22","62"
"USW00013904","2019-01-23","49"
"USW00013904","2019-01-24","42"
"USW00013904","2019-01-25","47"
"USW00013904","2019-01-26","52"
"USW00013904","2019-01-27","56"
"USW00013904","2019-01-28","52"
"USW00013904","2019-01-29","48"
"USW00013904","2019-01-30","45"
"USW00013904","2019-01-31","52"
"USW00013904","2019-02-01","60"
"USW00013904","2019-02-02","62"
"USW00013904","2019-02-03","66"
"USW00013904","2019-02-04","69"
"USW00013904","2019-02-05","71"
"USW00013904","2019-02-06","72"
"USW00013904","2019-02-07","68"
"USW00013904","2019-02-08","39"
"USW00013904","2019-02-09","37"
"USW00013904","2019-02-10","41"
"USW00013904","2019-02-11","53"
"USW00013904","2019-02-12","59"
"USW00013904","2019-02-13","46"
"USW00013904","2019-02-14","60"
"USW00013904","2019-02-15","65"
"USW00013904","2019-02-16","55"
"USW00013904","2019-02-17","55"
"USW00013904","2019-02-18","52"
"USW00013904","2019-02-19","45"
"USW00013904","2019-02-20","48"
"USW00013904","2019-02-21","51"
"USW00013904","2019-02-22","53"
"USW00013904","2019-02-23","62"
"USW00013904","2019-02-24","55"
"USW00013904","2019-02-25","51"
"USW00013904","2019-02-26","58"
"USW00013904","2019-02-27","64"
"USW00013904","2019-02-28","50"
"USW00013904","2019-03-01","46"
"USW00013904","2019-03-02","52"
"USW00013904","2019-03-03","46"
"USW00013904","2019-03-04","35"
"USW00013904","2019-03-05","36"
"USW00013904","2019-03-06","40"
"USW00013904","2019-03-07","58"
"USW00013904","2019-03-08","70"
"USW00013904","2019-03-09","76"
"USW00013904","2019-03-10","66"
"USW00013904","2019-03-11","64"
"USW00013904","2019-03-12","65"
"USW00013904","2019-03-13","71"
"USW00013904","2019-03-14","71"
"USW00013904","2019-03-15","57"
"USW00013904","2019-03-16","52"
"USW00013904","2019-03-17","54"
"USW00013904","2019-03-18","54"
"USW00013904","2019-03-19","56"
"USW00013904","2019-03-20","59"
"USW00013904","2019-03-21","62"
"USW00013904","2019-03-22","60"
"USW00013904","2019-03-23","68"
"USW00013904","2019-03-24","71"
"USW00013904","2019-03-25","73"
"USW00013904","2019-03-26","65"
"USW00013904","2019-03-27","61"
"USW00013904","2019-03-28","64"
"USW00013904","2019-03-29","69"
"USW00013904","2019-03-30","67"
"USW00013904","2019-03-31","52"
"USW00013904","2019-04-01","48"
"USW00013904","2019-04-02","52"
"USW00013904","2019-04-03","61"
"USW00013904","2019-04-04","73"
"USW00013904","2019-04-05","70"
"USW00013904","2019-04-06","71"
"USW00013904","2019-04-07","68"
"USW00013904","2019-04-08","71"
"USW00013904","2019-04-09","71"
"USW00013904","2019-04-10","73"
"USW00013904","2019-04-11","73"
"USW00013904","2019-04-12","65"
"USW00013904","2019-04-13","68"
"USW00013904","2019-04-14","57"
"USW00013904","2019-04-15","63"
"USW00013904","2019-04-16","71"
"USW00013904","2019-04-17","75"
"USW00013904","2019-04-18","70"
"USW00013904","2019-04-19","66"
"USW00013904","2019-04-20","62"
"USW00013904","2019-04-21","69"
"USW00013904","2019-04-22","73"
"USW00013904","2019-04-23","73"
"USW00013904","2019-04-24","68"
"USW00013904","2019-04-25","68"
"USW00013904","2019-04-26","71"
"USW00013904","2019-04-27","70"
"USW00013904","2019-04-28","73"
"USW00013904","2019-04-29","75"
"USW00013904","2019-04-30","79"
"USW00013904","2019-05-01","79"
"USW00013904","2019-05-02","75"
"USW00013904","2019-05-03","70"
"USW00013904","2019-05-04","70"
"USW00013904","2019-05-05","72"
"USW00013904","2019-05-06","72"
"USW00013904","2019-05-07","75"
"USW00013904","2019-05-08","73"
"USW00013904","2019-05-09","78"
"USW00013904","2019-05-10","64"
"USW00013904","2019-05-11","63"
"USW00013904","2019-05-12","69"
"USW00013904","2019-05-13","69"
"USW00013904","2019-05-14","73"
"USW00013904","2019-05-15","75"
"USW00013904","2019-05-16","75"
"USW00013904","2019-05-17","81"
"USW00013904","2019-05-18","81"
"USW00013904","2019-05-19","82"
"USW00013904","2019-05-20","84"
"USW00013904","2019-05-21","80"
"USW00013904","2019-05-22","82"
"USW00013904","2019-05-23","85"
"USW00013904","2019-05-24","84"
"USW00013904","2019-05-25","83"
"USW00013904","2019-05-26","82"
"USW00013904","2019-05-27","81"
"USW00013904","2019-05-28","82"
"USW00013904","2019-05-29","84"
"USW00013904","2019-05-30","79"
"USW00013904","2019-05-31","80"
"USW00013904","2019-06-01","83"
"USW00013904","2019-06-02","83"
"USW00013904","2019-06-03","84"
"USW00013904","2019-06-04","81"
"USW00013904","2019-06-05","80"
"USW00013904","2019-06-06","79"
"USW00013904","2019-06-07","81"
"USW00013904","2019-06-08","83"
"USW00013904","2019-06-09","84"
"USW00013904","2019-06-10","81"
"USW00013904","2019-06-11","76"
"USW00013904","2019-06-12","76"
"USW00013904","2019-06-13","80"
"USW00013904","2019-06-14","80"
"USW00013904","2019-06-15","84"
"USW00013904","2019-06-16","86"
"USW00013904","2019-06-17","79"
"USW00013904","2019-06-18","82"
"USW00013904","2019-06-19","86"
"USW00013904","2019-06-20","87"
"USW00013904","2019-06-21","87"
"USW00013904","2019-06-22","85"
"USW00013904","2019-06-23","86"
"USW00013904","2019-06-24","79"
"USW00013904","2019-06-25","78"
"USW00013904","2019-06-26","79"
"USW00013904","2019-06-27","82"
"USW00013904","2019-06-28","80"
"USW00013904","2019-06-29","83"
"USW00013904","2019-06-30","78"
"USW00013904","2019-07-01","81"
"USW00013904","2019-07-02","83"
"USW00013904","2019-07-03","80"
"USW00013904","2019-07-04","82"
"USW00013904","2019-07-05","85"
"USW00013904","2019-07-06","84"
"USW00013904","2019-07-07","85"
"USW00013904","2019-07-08","85"
"USW00013904","2019-07-09","83"
"USW00013904","2019-07-10","87"
"USW00013904","2019-07-11","85"
"USW00013904","2019-07-12","86"
"USW00013904","2019-07-13","84"
"USW00013904","2019-07-14","86"
"USW00013904","2019-07-15","85"
"USW00013904","2019-07-16","86"
"USW00013904","2019-07-17","86"
"USW00013904","2019-07-18","86"
"USW00013904","2019-07-19","86"
"USW00013904","2019-07-20","87"
"USW00013904","2019-07-21","85"
"USW00013904","2019-07-22","86"
"USW00013904","2019-07-23","85"
"USW00013904","2019-07-24","80"
"USW00013904","2019-07-25","75"
"USW00013904","2019-07-26","77"
"USW00013904","2019-07-27","79"
"USW00013904","2019-07-28","84"
"USW00013904","2019-07-29","84"
"USW00013904","2019-07-30","85"
"USW00013904","2019-07-31","86"
"USW00013904","2019-08-01","84"
"USW00013904","2019-08-02","85"
"USW00013904","2019-08-03","84"
"USW00013904","2019-08-04","82"
"USW00013904","2019-08-05","84"
"USW00013904","2019-08-06","85"
"USW00013904","2019-08-07","86"
"USW00013904","2019-08-08","87"
"USW00013904","2019-08-09","88"
"USW00013904","2019-08-10","87"
"USW00013904","2019-08-11","87"
"USW00013904","2019-08-12","88"
"USW00013904","2019-08-13","88"
"USW00013904","2019-08-14","88"
"USW00013904","2019-08-15","85"
"USW00013904","2019-08-16","89"
"USW00013904","2019-08-17","89"
"USW00013904","2019-08-18","89"
"USW00013904","2019-08-19","89"
"USW00013904","2019-08-20","89"
"USW00013904","2019-08-21","87"
"USW00013904","2019-08-22","87"
"USW00013904","2019-08-23","87"
"USW00013904","2019-08-24","84"
"USW00013904","2019-08-25","85"
"USW00013904","2019-08-26","88"
"USW00013904","2019-08-27","87"
"USW00013904","2019-08-28","86"
"USW00013904","2019-08-29","87"
"USW00013904","2019-08-30","86"
"USW00013904","2019-08-31","84"
"USW00013904","2019-09-01","85"
"USW00013904","2019-09-02","85"
"USW00013904","2019-09-03","85"
"USW00013904","2019-09-04","86"
"USW00013904","2019-09-05","85"
"USW00013904","2019-09-06","87"
"USW00013904","2019-09-07","87"
"USW00013904","2019-09-08","86"
"USW00013904","2019-09-09","85"
"USW00013904","2019-09-10","83"
"USW00013904","2019-09-11","79"
"USW00013904","2019-09-12","82"
"USW00013904","2019-09-13","83"
"USW00013904","2019-09-14","84"
"USW00013904","2019-09-15","84"
"USW00013904","2019-09-16","85"
"USW00013904","2019-09-17","82"
"USW00013904","2019-09-18","84"
"USW00013904","2019-09-19","85"
"USW00013904","2019-09-20","84"
"USW00013904","2019-09-21","85"
"USW00013904","2019-09-22","84"
"USW00013904","2019-09-23","86"
"USW00013904","2019-09-24","85"
"USW00013904","2019-09-25","83"
"USW00013904","2019-09-26","84"
"USW00013904","2019-09-27","83"
"USW00013904","2019-09-28","85"
"USW00013904","2019-09-29","86"
"USW00013904","2019-09-30","85"
"USW00013904","2019-10-01","85"
"USW00013904","2019-10-02","83"
"USW00013904","2019-10-03","83"
"USW00013904","2019-10-04","82"
"USW00013904","2019-10-05","81"
"USW00013904","2019-10-06","81"
"USW00013904","2019-10-07","78"
"USW00013904","2019-10-08","72"
"USW00013904","2019-10-09","75"
"USW00013904","2019-10-10","85"
"USW00013904","2019-10-11","66"
"USW00013904","2019-10-12","59"
"USW00013904","2019-10-13","64"
"USW00013904","2019-10-14","76"
"USW00013904","2019-10-15","83"
"USW00013904","2019-10-16","71"
"USW00013904","2019-10-17","62"
"USW00013904","2019-10-18","62"
"USW00013904","2019-10-19","75"
"USW00013904","2019-10-20","76"
"USW00013904","2019-10-21","76"
"USW00013904","2019-10-22","63"
"USW00013904","2019-10-23","64"
"USW00013904","2019-10-24","74"
"USW00013904","2019-10-25","54"
"USW00013904","2019-10-26","56"
"USW00013904","2019-10-27","57"
"USW00013904","2019-10-28","64"
"USW00013904","2019-10-29","60"
"USW00013904","2019-10-30","49"
"USW00013904","2019-10-31","45"
"USW00013904","2019-11-01","42"
"USW00013904","2019-11-02","50"
"USW00013904","2019-11-03","52"
"USW00013904","2019-11-04","63"
"USW00013904","2019-11-05","70"
"USW00013904","2019-11-06","75"
"USW00013904","2019-11-07","65"
"USW00013904","2019-11-08","47"
"USW00013904","2019-11-09","51"
"USW00013904","2019-11-10","58"
"USW00013904","2019-11-11","64"
"USW00013904","2019-11-12","36"
"USW00013904","2019-11-13","35"
"USW00013904","2019-11-14","42"
"USW00013904","2019-11-15","44"
"USW00013904","2019-11-16","46"
"USW00013904","2019-11-17","51"
"USW00013904","2019-11-18","56"
"USW00013904","2019-11-19","57"
"USW00013904","2019-11-20","69"
"USW00013904","2019-11-21","74"
"USW00013904","2019-11-22","64"
"USW00013904","2019-11-23","52"
"USW00013904","2019-11-24","53"
"USW00013904","2019-11-25","63"
"USW00013904","2019-11-26","69"
"USW00013904","2019-11-27","60"
"USW00013904","2019-11-28","54"
"USW00013904","2019-11-29","54"
"USW00013904","2019-11-30","77"
"USW00013904","2019-12-01","62"
"USW00013904","2019-12-02","51"
"USW00013904","2019-12-03","49"
"USW00013904","2019-12-04","57"
"USW00013904","2019-12-05","56"
"USW00013904","2019-12-06","62"
"USW00013904","2019-12-07","56"
"USW00013904","2019-12-08","55"
"USW00013904","2019-12-09","69"
"USW00013904","2019-12-10","53"
"USW00013904","2019-12-11","45"
"USW00013904","2019-12-12","44"
"USW00013904","2019-12-13","53"
"USW00013904","2019-12-14","54"
"USW00013904","2019-12-15","57"
"USW00013904","2019-12-16","60"
"USW00013904","2019-12-17","44"
"USW00013904","2019-12-18","40"
"USW00013904","2019-12-19","38"
"USW00013904","2019-12-20","48"
"USW00013904","2019-12-21","52"
"USW00013904","2019-12-22","44"
"USW00013904","2019-12-23","46"
"USW00013904","2019-12-24","47"
"USW00013904","2019-12-25","54"
"USW00013904","2019-12-26","61"
"USW00013904","2019-12-27","60"
"USW00013904","2019-12-28","65"
"USW00013904","2019-12-29","58"
"USW00013904","2019-12-30","49"
"USW00013904","2019-12-31","44"
"USW00013904","2020-01-01",
"USW00013904","2020-01-02","55"
"USW00013904","2020-01-03","53"
"USW00013904","2020-01-04","54"
"USW00013904","2020-01-05","55"
"USW00013904","2020-01-06","54"
"USW00013904","2020-01-07","54"
"USW00013904","2020-01-08","44"
"USW00013904","2020-01-09","67"
"USW00013904","2020-01-10","72"
"USW00013904","2020-01-11","57"
"USW00013904","2020-01-12","43"
"USW00013904","2020-01-13","53"
"USW00013904","2020-01-14","63"
"USW00013904","2020-01-15","72"
"USW00013904","2020-01-16","66"
"USW00013904","2020-01-17","56"
"USW00013904","2020-01-18","63"
"USW00013904","2020-01-19","50"
"USW00013904","2020-01-20","45"
"USW00013904","2020-01-21","48"
"USW00013904","2020-01-22","53"
"USW00013904","2020-01-23","57"
"USW00013904","2020-01-24","50"
"USW00013904","2020-01-25","50"
"USW00013904","2020-01-26","62"
"USW00013904","2020-01-27","54"
"USW00013904","2020-01-28","60"
"USW00013904","2020-01-29","53"
"USW00013904","2020-01-30","47"
"USW00013904","2020-01-31","51"
"USW00013904","2020-02-01","51"
"USW00013904","2020-02-02","53"
"USW00013904","2020-02-03","62"
"USW00013904","2020-02-04","69"
"USW00013904","2020-02-05","45"
"USW00013904","2020-02-06","40"
"USW00013904","2020-02-07","48"
"USW00013904","2020-02-08","52"
"USW00013904","2020-02-09","66"
"USW00013904","2020-02-10","64"
"USW00013904","2020-02-11","47"
"USW00013904","2020-02-12","48"
"USW00013904","2020-02-13","46"
"USW00013904","2020-02-14","43"
"USW00013904","2020-02-15","46"
"USW00013904","2020-02-16","60"
"USW00013904","2020-02-17","66"
"USW00013904","2020-02-18","68"
"USW00013904","2020-02-19","50"
"USW00013904","2020-02-20","47"
"USW00013904","2020-02-21","45"
"USW00013904","2020-02-22","49"
"USW00013904","2020-02-23","59"
"USW00013904","2020-02-24","66"
"USW00013904","2020-02-25","54"
"USW00013904","2020-02-26","51"
"USW00013904","2020-02-27","43"
"USW00013904","2020-02-28","50"
"USW00013904","2020-02-29","54"
"USW00013904","2020-03-01","64"
"USW00013904","2020-03-02","69"
"USW00013904","2020-03-03","68"
"USW00013904","2020-03-04","67"
"USW00013904","2020-03-05","59"
"USW00013904","2020-03-06","58"
"USW00013904","2020-03-07","51"
"USW00013904","2020-03-08","56"
"USW00013904","2020-03-09","66"
"USW00013904","2020-03-10","67"
"USW00013904","2020-03-11","71"
"USW00013904","2020-03-12","74"
"USW00013904","2020-03-13","74"
"USW00013904","2020-03-14","76"
"USW00013904","2020-03-15","66"
"USW00013904","2020-03-16","65"
"USW00013904","2020-03-17","72"
"USW00013904","2020-03-18","74"
"USW00013904","2020-03-19","75"
"USW00013904","2020-03-20","66"
"USW00013904","2020-03-21","52"
"USW00013904","2020-03-22","58"
"USW00013904","2020-03-23","70"
"USW00013904","2020-03-24","76"
"USW00013904","2020-03-25","69"
"USW00013904","2020-03-26","75"
"USW00013904","2020-03-27","77"
"USW00013904","2020-03-28","75"
"USW00013904","2020-03-29","62"
"USW00013904","2020-03-30","67"
"USW00013904","2020-03-31","66"
"USW00013904","2020-04-01","61"
"USW00013904","2020-04-02","66"
"USW00013904","2020-04-03","68"
"USW00013904","2020-04-04","48"
"USW00013904","2020-04-05","56"
"USW00013904","2020-04-06","67"
"USW00013904","2020-04-07","75"
"USW00013904","2020-04-08","79"
"USW00013904","2020-04-09","78"
"USW00013904","2020-04-10","68"
"USW00013904","2020-04-11","67"
"USW00013904","2020-04-12","78"
"USW00013904","2020-04-13","58"
"USW00013904","2020-04-14","55"
"USW00013904","2020-04-15","55"
"USW00013904","2020-04-16","58"
"USW00013904","2020-04-17","66"
"USW00013904","2020-04-18","58"
"USW00013904","2020-04-19","68"
"USW00013904","2020-04-20","68"
"USW00013904","2020-04-21","74"
"USW00013904","2020-04-22","75"
"USW00013904","2020-04-23","74"
"USW00013904","2020-04-24","73"
"USW00013904","2020-04-25","73"
"USW00013904","2020-04-26","67"
"USW00013904","2020-04-27","71"
"USW00013904","2020-04-28","80"
"USW00013904","2020-04-29","78"
"USW00013904","2020-04-30","67"
"USW00013904","2020-05-01","70"
"USW00013904","2020-05-02","76"
"USW00013904","2020-05-03","80"
"USW00013904","2020-05-04","81"
"USW00013904","2020-05-05","78"
"USW00013904","2020-05-06","75"
"USW00013904","2020-05-07","68"
"USW00013904","2020-05-08","78"
"USW00013904","2020-05-09","68"
"USW00013904","2020-05-10","66"
"USW00013904","2020-05-11","68"
"USW00013904","2020-05-12","72"
"USW00013904","2020-05-13","67"
"USW00013904","2020-05-14","79"
"USW00013904","2020-05-15","81"
"USW00013904","2020-05-16","73"
"USW00013904","2020-05-17","75"
"USW00013904","2020-05-18","77"
"USW00013904","2020-05-19","80"
"USW00013904","2020-05-20","83"
"USW00013904","2020-05-21","81"
"USW00013904","2020-05-22","84"
"USW00013904","2020-05-23","84"
"USW00013904","2020-05-24","82"
"USW00013904","2020-05-25","71"
"USW00013904","2020-05-26","74"
"USW00013904","2020-05-27","74"
"USW00013904","2020-05-28","73"
"USW00013904","2020-05-29","77"
"USW00013904","2020-05-30","75"
"USW00013904","2020-05-31","78"
